mutant_id,seq,scd,type,panel_rank
blocky,KKKKKKKKKKKKKKKKKKKKKKKKKKKKKKKKKEEEEEEEEEEEEEEEEEEEEEEEEEEEEEEEEE,-42.10425677118722,designed_blocky_low_scd,1
rand_7580,KKKKKKEEEKKKKKKEKKKKKKKKEKEEEEEEEKEEKKKEKEEEEEEEEEKEKEKEKEEEEKKEKE,-8.941328738446314,random,2
rand_6499,KKEKEKEKEKEEKKEEKKEKKEKKKKKKKKKKKKKEEEKEKEEEEKEKEKKEKEEEEEEEEEEKEE,-8.125040229078403,random,3
rand_2616,KEEKKEKEKEEEEEKKEEKEEKEEEEKEKEEEEEKEEEKEEKKKKEEKKKKKKKKEEKKKKKEKKK,-7.9826406582096014,random,4
rand_7545,KEEEEEEEEEEEKEEEEEEKKKEKKKEKKEKEKKEKKEKKKEKKKEKKKEEKEEKEKEKKKEKKKE,-7.640272799705841,random,5
rand_6272,KKKEEEEEKEKKEKKKKKKEEKKKKKKKKEEEKKEKKEKKKEKEEEEEKEEKKKEKEEEEEEEEEE,-7.405755928960038,random,6
rand_9382,EEEKEEEEKEEKEEEKEEEKKEEEKEKKKKEEEKEKEKEKKEEKKKKKEKKKKKKEKEEKEKKEKK,-7.157294395710093,random,7
rand_5235,KEEEEEEKKEEKEEKKEEEEKEKEEEEKKEEKEEKEEKKEEKKKKKKKKKKEEKEEKKKEKKKEKK,-6.821669645613471,random,8
rand_6062,EEKEEKEKEKEEEEEKEKEKKEEEEEKEKEEEKEKKEKKKEEEKKKEKKEEKKKKKKKKKKKKEEE,-6.644091887423632,random,9
rand_4194,EEEKKKEEEEEKEEKEEKEEEKEEKEEEEKKKKKEKKEEEKKKEEKKEEKKKKEKKKKKKKKKEEE,-6.4191441454788825,random,10
rand_7664,EEEEEKEEKEEEKKEEEKEEEKEKEEKKKKEKKEKKKEEKEKEEEKKKKEKEEEEKKKKEKKKKKK,-6.277590218603081,random,11
rand_2297,EEEEEKEEEEKEEEKEKKKKKEEEKEEEEEKKKKEKEKKEEKEKKKKEKEEKKEKEKKEEKKKKKK,-6.108998174289681,random,12
rand_6997,KEEEEKEKEEEKEEKEEEEKKEEKEEEKEKKEEKEKKKKKEKKEEEEKEEKKKKKKEKKEKKKKKE,-6.03803149626656,random,13
rand_5953,EEKKEEEKEEKEEEKEKEKEEKEEKEEKEEKEKEEEKKEEKKEKKKKEEKKKKKKKKEKEKEEKKK,-5.920947715916908,random,14
rand_4172,KKKEKKKKKKKKEKKEKKKEEEEEEEKEKKEEKEKKEEKKEKEEEEKEEEEKEEKKEKEKEEEKKE,-5.812345014917944,random,15
rand_767,KEEEKEEKEEEEKEKEEEKEEEEKKKEKKEKEKEEEKEEKKEKEKKKKEKKKEKKKKKKEKKEEEK,-5.758698833556568,random,16
rand_5886,KEKKEKEKKKEKKKKKEEKKKEKKEKKEEKKEEKKKEEEEEKEEKEEKEKEEEKKEEKKEKEEEEE,-5.695827815494226,random,17
rand_2750,KKKKKKEEEEEKKKKEKKKEKEEKEEKKKKKKKEKKKEEEEEEKEEEKEKKEEKKEEKKEEEEEEE,-5.624793480794632,random,18
rand_7255,KKKEKEEEKKKKEEEKKKEEKKEKKKKKKEEKKKKEEEEKKEKEEKKKKKEEEEEEKEEKEEEEEE,-5.578297597893045,random,19
rand_6734,EKKEKKKEEKKKKKKKKKKKEKEEEEKKEEEKKEKEKEEEEEKEEKEEEEEKKKEEKEEKEEEKKK,-5.521389152600296,random,20
rand_815,EKEEEKEEKKEEEKEEEEEEKKEKKKKEEKEKEKEEEKEKEKKEEEKEEKKKKKKEKKKKKKEKKE,-5.4664608847671765,random,21
rand_5926,KEEEEEEKEEKEEKEEEEEKEEKKEKKKEKKKEKEEKKEKEKKEKKEEKKEEKKKEEEKKKKKKKE,-5.422163910499266,random,22
rand_4467,EKKEKKEKKKKKKEEEKEKEKKKEEKKKEEKEKKKEEEKKKEKKKEEEKKKEEEEKEEEEEEKEEE,-5.374359211820256,random,23
rand_8819,KEKKKKKKKKKKKEEKKKKEEEEEEEEEEKEEEKKKKKEEEEKKEEEEEKEKEKKKKKEEKEEEKE,-5.3102817910929785,random,24
rand_4579,KKEKKKEEKKEKKKKKKEKEEEKEEKEKKEEKKEKKKEKKEKEEKKEKEEEEKKEEEEEEKEEEEK,-5.259107383710223,random,25
rand_5779,EKEEKKKKKKKEEEKEEEEEEKEEEEEKEEKEEEEKKEKKKEEEKKKKKKEEEKEKKKKKEKKKEK,-5.210893048344417,random,26
rand_2795,KKKEKEEKEKEEKKEEEKEEKEEEKKEEEEEEKEKKEEEKEEEKKEEKKKKEEKEKKKKKKKKEKK,-5.171619913548524,random,27
rand_162,EEEEEKKEEKEEEEKEKKEEEEKKEKEKKKEEEKEKKEEEKKKKEEKKKKEKKKKEKKKKEKEEKE,-5.140979098969281,random,28
rand_6154,KKKEEKKKKEEKEKKEKKKEEKKEKEKEKKKKKEEKKKEEEEEKKEEKEEKEEEEEEEKKEKEKEE,-5.089526593445064,random,29
rand_1538,KKEKKKKKKEKEEEKKKEEKEKKKEEKKKEKKKEKEEEEKKEKEEEKEKEEEEEKKKEEKEEEEEK,-5.036950583969984,random,30
rand_5509,KEEKEEKKEKKEKKKKKKKKEKEEKKKEEKKKKEEEEKKEEKKEEKEKEEEEKEKKEEKEEEEEEK,-5.008720448271209,random,31
rand_1491,KEKEEKKKKKKKEKKKEKKEKKEEKEEKKEEKEKKEEKKEKEEKEEKEEKEEKEEKEEEEEKEKKE,-4.962492143954433,random,32
rand_8293,KEEKEKKEEKKEKKEEEEEEEEKEEEEEEKEKKKEEKKEKKEEKKKKEKEKEKKKKKKEKKEEKKE,-4.899094681956705,random,33
rand_7784,EEEKEEEKEEEEKKEEEKEKEEKEKEEKEKKKKKKEKEKKKKEEKEKKKEKEKKKEKKEEKKKEEE,-4.877391267810109,random,34
rand_2091,KKKEKEKKKEKKKKEEEEEKKEKKKKEEEKEEEKKKKKKEKKKEKEEEKEEEKEEKEEEKEEKEEE,-4.836811859933145,random,35
rand_2095,EEEEEKEKEEEEEKKEKEKEEEKEKKEKKKEKEEKKKKKKKKEEKEKKKKKKEKEEKEKEEEEEKK,-4.796118549037891,random,36
rand_7035,KKKKKEEKKKKEKEKEKKKKEKKEKEEEEKEEKKKEEEEEEKEKKEKEEKEKEEEEEEKKEKEKKE,-4.7354591225252625,random,37
rand_3608,KEKEKKKKEEKEKKEKKKEKEEKEKKKKEEKKEKEKKEKEKKKEKEEEEEKEKEEEKKEKEEEEEE,-4.709651185003501,random,38
rand_3645,KKEKKKKKEKEEKEKKKKKKEEKKKKEEKEEEEEEKEKEKEEEEKKEEEKEEEKEKKKEEKEKEKE,-4.6911547699607175,random,39
rand_692,EKKKKEKKEEKKKKKEEKEKKEKKKEKEEEKEKKKEKEEKEKKKEEEKEKEEEEKKEEEEKEEEKE,-4.671008849370387,random,40
rand_9227,EKEKEEEEKEEKKEEEEEEKEKEKKEKKEEEKEKKEKEEEKKKEKKEKKKEKKEKKKKKEEEEKKK,-4.628890411742556,random,41
rand_7599,EEEKKKKKKKKEKKEKKKEKKKKEEKEEKEEEEEEKKKKKEKEEEEEEEEKKKEKEEEKKKEKEEE,-4.599176431487844,random,42
rand_5619,EEEEEEKEEEEKKEKKEEKKEEEKKEKKEEKKEKEKEEKKKEEKKKKEKEEKEEEKKEKKEKKKKK,-4.571650805411788,random,43
rand_2158,EEKEKKEKEKEKEEEKEEKEEEKEEEEEEEKEKKEKKKKKKEKEKKKEKEEKKEKEKKEKEEKKKK,-4.544916369956708,random,44
rand_3489,KKEEEKKEEEEEKEKEEKKKKEEKKEKEEEEEEEKEEEEKKEKEKEKEKKKKKKKKEEKKEKEKKK,-4.522676826901758,random,45
rand_3216,KEKEKEKEEKEKKKKKKEEKKEKEKEEKEKKKKKKKKEKEEEEKKEEEEKKEKKEKEEEEEEKEEE,-4.506018925587926,random,46
rand_8736,KKKKKKEKEEKEKEKEEEKKKEEKKKKKKEKKKEKEEKEEEEEEKEKKEEEEEKEKKEEEEEKEKK,-4.4783493548417335,random,47
rand_3554,KKEKKKEEKKKEEEKKKKKKEKEEKKKEEEEEKEKKEEKEKKEKEKKKKEEKKEKEEKEEEEEEEE,-4.452273561096959,random,48
rand_1050,EEKKKEEKKEKKKKEKKKKEEKKKKKEEEEKKEEEKEKKKKEKEKEEKEEEKEEEEEEEKEKKKEE,-4.435356097149321,random,49
rand_322,KKKKKKKEEKEKKEEKKEKKEKEEEKEEEEEEEEKEKKKKEEEEKEEKEEEEEKEEKKKKKKKEKK,-4.396637607555148,random,50
rand_2953,EKEKEKEEKKEKEEEEEKKEKEKEEEKEEEEKEKEEEEKKKKKEKKKEKKEKEEEKKKKEKKKKEK,-4.3818877803185705,random,51
rand_1224,KEKKEEKKEKKKKKEKKEKKKKEKEKEKEEEKKEKEEEEKEEEEKKEKEEEEEEKKKEKKKEKEEE,-4.35879420148783,random,52
rand_5286,EEKKKEEKKEEKKKKKKEKKEKKEEKKKKEKKKEEKEEEKKEEEEKKEEEKEEKEEKEKKEKEEEE,-4.328549346899807,random,53
rand_6160,KEEEEKKEEEKEEKKKEKEEEEEEEEKEEKKEEKKKKKEKEKKKEEKEKKKEKKKKEEKKEKEKEK,-4.309166235150749,random,54
rand_3760,KKEKEKEEKKKKKKEEKKKEKEEKEEEKKKKEKKEEKKKKEEEKEKKEKEEEEKEEEKEEEEEEKK,-4.277187280122486,random,55
rand_5434,KEEEEEEEKEKEKKKEEEEEKKKEEEKEKEEKKKKEEKEEKKKKKEEKEKEEEEKEKKKKKKKEKK,-4.252404467965048,random,56
rand_2577,EEEKKKKKKKEEEKKKKKKEEKEEEKEKKEKKKEKKKKEEEKKEKKEEEEEKEKEEEEEEKEKEKE,-4.2324380627454055,random,57
rand_4553,KEEEEEEKEKEEKEKEKEEKEKKEEEEKEKKEEEKKKKKKEEKEKKEEEKEKKEKKKKKKKEEKKE,-4.212696636882921,random,58
rand_9687,KKKKKKEEEKKEKEKEKEEEEEEKKKKKKKKEKEKKEKKKEKEKEEEEEKKEEEEEEKKEEKEKEE,-4.197886184726051,random,59
rand_3859,EEKKKKKKKKEKKKKKEEEEKKKEEEKKEEEKEKEEEKKEEEKEKKKKEKEEKEKKEEKKEEEEEE,-4.183789784866391,random,60
rand_4809,EEKEEEKKEKEEKKKKEEKEEEEKEEEEKKEKEEKEEKEKEEKEKKEKKKKKKEEEKKEKKKKEKK,-4.16335427700809,random,61
rand_1332,EEEKKKKKKKEKEEKKKEKKKKEKEEKKKEEKEKKEEEKEKEKKEEEEKKEKEKKEEEEKEEEEKE,-4.149757867536371,random,62
rand_8285,KEEKEKKKKEEKKEEEKKKEKEKEKKKEKKEKKEKEKKKKKEEEKEEKKKEEEEEEKEEEEKEEKE,-4.1341237641818465,random,63
rand_2712,KEKKKKEEKKKKEEEEEEKEEEKEKEEEEEKKEEKEEKEEKKEEEKKEEKKEKKKKKEKKEKKEKK,-4.10972810618848,random,64
rand_9041,KEEKEEEKKEKKEEKKKKKKKKEKEEEKKEKKKKKEKEKKEEEEEEKKEKKKEEEEKEEEEEEEKK,-4.094449605984297,random,65
rand_2526,KEEKEKEKEKEEKKEKKKKKKKKEEEKKKKKKKEKEEEEEEKKEEKEKEEKEEEEKKEEEEKEKEK,-4.0809190379967335,random,66
rand_2378,EKEKEKEEKEKKKEEEKEEEKEKKEEEKEKEEEEKKEEEKEEKKKKEEEKKKEEEKKKKKKKKKEK,-4.069465314953079,random,67
rand_1327,KKKKEEKKKKKEEKKKKKEEEKEEKEKEKEKEEEEKKKKEKEEEEKEKEKKEKKEKKEEEKEEEEE,-4.050980643031644,random,68
rand_2568,KKEKKEEKKKKKKKEKEEKKEKKEEEKEEEKEEEKKKKKEKKKEEEKKEEEEEEEEKKEKEKEKEE,-4.035351269304259,random,69
rand_2802,KEKKEEKEEEEEKKKKEEEEKEKEKKEEEEEEEEEKKKKEEKKEKEKEKKKKKEEKKEKKKKKEEK,-4.019224279257065,random,70
rand_2208,KKKEEEEKEKKKKEEKKEEKEEEKKEKKKKEKKKKEKEKKEEKKKKEEEEKKKEKEEEKEEEEEEE,-4.003885622647363,random,71
rand_1365,KKKKKKKKEEEEKKKKEEKKEEEEEKKKEKKKKEEEEEEKEKEEKEEEEKKKKKKKKEEEEKEEEE,-3.9868178844236795,random,72
rand_9232,KKKKKKKEKEKKEEKKKEKEKEKEKEKEEEEKEKEEEKEEEKKEKEEKEEEEKKKKEEKEKKEEEK,-3.9771121273964396,random,73
rand_9049,KEKEKEEEEKEEEEEEKKEKKKEEEKEEEEKEKKKEKEKEKKKEKKEKKEKEKEKKKKEEKEKEKK,-3.9646812409441754,random,74
rand_6061,EEKEKEKEEEEEEKEEEEKEKKKKEKEKEEKEKEKKEEKKKKKEEKKKEKKEKEEKEKKKEKEKKE,-3.94392203921127,random,75
rand_9279,KEEKKKEEEEEEKEKEEKEKEKEKEEEEKEEEEKKKEKKKEKEEKKKKKEKEEKKKKKEEKKKEKE,-3.931631996240488,random,76
rand_6466,EKEEEEEEKEEKEKEKKEEEKEKEKKEKEEKKKKKKKEKKEKKKKKEEKKKEEEEEEKEEEKEKKK,-3.9199303526855207,random,77
rand_2875,KKKKKEKKEKKEKEKEEKEKKEEKEKEKEKKEKEKKKEEEEKEEKEKEEEKEEEEEEEKKEKEKKK,-3.89770415900049,random,78
rand_5262,KKKKKEKKEKKKEKEKKKEKEEKEEKEKEEEKEKEEEEEKEKEKKEKKEEKEEKEEEKEKKKEEKE,-3.8819183534261015,random,79
rand_802,EKEEEEKKEEKEEEEEKKKEKEKEEKEKEEKKKKKKKEKKKKEKKKKEKKKEEEEEEKEKKEEKEE,-3.8682743407351614,random,80
rand_9091,EEKEKKKKKEKKKKEEKEKKKEKKEKKKEEEEKKEKEEEEEEEKEKEEEEEKKEKEKEKEEKEKKK,-3.855303738201912,random,81
rand_6598,EKKKKEKKEKEEEEEKKEKKEKEEKKEEEEEKEEEEEKEEKEKEEKEEKKKKKEKEKKKKEKKEKK,-3.8315484721589312,random,82
rand_4755,EEKEKKEKEKKEEEEEKEKKKEEKKKKKKKKEKKKEKKEEKKKEKEEKEEEEKKEEKKEEEEEEKE,-3.818003346907984,random,83
rand_9595,KKEEKKEEKKKEKKKEKKEEKEEEEKKEKEKKKKEEKKEKEKKKKEKKKEEEEEKEEEEEEEKEEK,-3.8076071171320858,random,84
rand_3281,KKEEEEEEKEEKKEEEEEEEKKKKKKEKKEKEKKKKKKEEKKKKKEEKKEKEKEEEEEEEEKKEKK,-3.79001545573734,random,85
rand_196,EKKEEKEEKEKEKKEKEEEEKEEKKEEEEEEKKEEKKEEKEKKEKKKEEKKEEKEKKKKKKEEKKK,-3.778440125460848,random,86
rand_4923,EKEEEKKEKEEKEKEEEEEKKEEEKEKKEKKKEEEKKEKEKEEEKKEKKEKEEEKKEKEKKKKKKK,-3.768450974518758,random,87
rand_4369,EEEEEEKEEKEEEEKKEKEKKKKEEEEKKKKKEKKEKKEKEKKEKKEKKEEKEKEKEKKEEKKEKE,-3.7521509711494567,random,88
rand_2510,EKKKKEEKKKKKKEEEKEKEKKKEKKKKEEEKEEKEEEKKEKKEEKKEEKEKEEEEEEKEEKKEKE,-3.739964536059831,random,89
rand_2021,EEEEEKKEEEEEKEEKEEKKKKEEKKEKKKKEKKKKKEEEEKKKKKKEKEEKEKEKEKEEEKEKKE,-3.7196194080710923,random,90
rand_4333,EEKKEKEEEEKEEKEEEEEKKKEKKEEKKKKEKEEEEKKKEKKKEEEKEEEEEKKKKEKKKEKKKK,-3.7059649904759975,random,91
rand_2225,EEEEEEKKEEKEEKKKKEKEEKKEKEKEEEKKKKEEEEKEEKEEKKEEKEKEKEKKKEKKEKKKKK,-3.701144721018838,random,92
rand_2554,KEEEEKEEEEKEKEKEEEKKEKEKKKKEKKEEKEEKEEKEKEEKEEKEEKKKKKEEKKEKKKKKEK,-3.6873463106917033,random,93
rand_4513,EKKEKEEKKKKKEKKEEKEKKKKKEKEKKEEKKKEEEEEKKEEKKEEEKEEEEKKEEEKKEEEEKK,-3.674584326894912,random,94
rand_9735,KKKKEEKEKEEEEEKKKEKKEEEEKKEKKKEEEEEEEEEEKEKEEKEEKKKKKKKEKEKEKKKKKE,-3.6655911565746155,random,95
rand_3941,EKEKKKKEKKEKEEKKEKKEEEEEEEEEEKEEKEEKEKKEEEEKKKEKKKKEEEKKKKKEKEKKEK,-3.6553959298765673,random,96
rand_9548,KKKKEKKEKEEKKEEEKKKKEEKKEKKKKEEEKKEKEEEEEEKKKEKKEKEEKKKEEKKEEEEEEE,-3.6357644267344784,random,97
rand_4132,KEEKKEKKKKEEEEEEEEEKEKKKEEEKEEEKKKEEKEKEEEEKKEKEKKKEKEKEEKKKKKKEKK,-3.622552154754946,random,98
rand_8438,EEKKKEKKKEEKEEEKEKKKKKKKKEKEEKKEEEKKKKKKEEEEKEKEKEEKKEEEEEKEEKEEKE,-3.612144177116427,random,99
rand_1284,KKKKKKKKKEEKEEEEKKEEEEKEKKKKEKEKEEEEEEKEKEEEKEKEKEEEKEEEKKKKKKKEKE,-3.601926006978205,random,100
rand_1996,KEKKKEEEEKKEKKKKEKKKEKKEKEEEKKKKEEEKKKEKEKEKKEEEEKEEKEEKKKEEEEEKEE,-3.5865832770643187,random,101
rand_5842,KEKEEEKKKKKKKEKEKEKKEKKEKKKEEKEKKEEKEKEKEEEEEKKEEEEKKKEKEEKEKEEEEK,-3.576443767449696,random,102
rand_7866,EEEEEEKEEEKKEKEEKKEEKKKKEKKKEKKEEEKKEEKEEEKKKEKEEKEEEEKKKKKKEKKKKE,-3.5689573317708017,random,103
rand_8307,EKKKEKKEEKKKKKEEKEKEEKKKEEEEKEEEKKEEEEEEKEEEEEEKKEKKKKKEKKKKEEKEKK,-3.561845572939237,random,104
rand_1206,KEEKEEEEEKKKKKEEEKKKEKKEEEEEKEEKEKEEEEEKEKKEKEKEKKKKKKKKKKEKKEKEEE,-3.55285323547664,random,105
rand_7644,KKKEKEEKEKEEKEKKKKKKEKKEKEKEKEKEKEKKEKEKKEEKEEEKEKKEEEKEKEEEKEKEEE,-3.5483116526101233,random,106
rand_7651,KEKKEEKEEKEEEEEEEEKKEKEEKKKKKKKEEEKEEEKKKKKKKKKEKKEKKEKKEEEEEKEKEE,-3.5397416773873083,random,107
rand_9646,KKEKEEEEKEEEEEEEEKKKKEKKKEKEEKKEEEEKEEKKEKEEKKEKKKKKEEKEKKKEKKEEKK,-3.5316319890161263,random,108
rand_5487,EKEEEEKKEEKEKKKEEEEEEEEKKEKKKKEKEKKKEEEEEEKEEKKKKEKEKKKKKKEKEEKKEK,-3.5237749013656576,random,109
rand_6474,EKKEEEKKKKEEEEEEEEKEEKEKEKEKEEKKEKEKKEKEEKEKEKKEKKEEKEKKKKKKKKEEEK,-3.5168259299053877,random,110
rand_2120,EKEEKEEKEKEEEEEKKEEEEKEEKKKEKKKEEKEEKKKKEKEKKKKKEEKEKEKKKEEEKEKKKE,-3.5075240202356355,random,111
rand_5265,EKEKKKKEKKKKEKEEKEKKKKEKEKEEEKEEEEEEEEEEKKKEEEEKEKKKKKKKEKKEEEKEKE,-3.496382452150758,random,112
rand_3854,EKKKKEEKKEKEKEEEEEEKKEEEKEEEEEEEKKKKEEEKKKKKEKKKEKKEEKEEKEKKKKEEKK,-3.488486173591215,random,113
rand_1790,EEEEEEEKKKEEEEKKKEEEKKKEEEKKEKKKKEEEKKEKEKEKEKKEEEKEKKEKKKEKKKKEKE,-3.476096380861802,random,114
rand_3719,EEKEKEEKEEEKEEEKKKEEEEEKEKKKEEEKKKEKKKEKKKEKKEEKEEEEKKKKKKKEKEEKKE,-3.4693568079915953,random,115
rand_8389,KKKKKEKKKEKEEEKKKKEEEEKKEKKKEKEEEEKEKEKEKKKEKEEKEEKEEEEKEEEKKEKKEE,-3.461507141991438,random,116
rand_5426,KKKKKEEKEKEKKKKKEKKEEKEKEKKEEEKKEEEEKEEKEKEKKEEEEKEKKKEKEEEEKKEEKE,-3.4533172829459606,random,117
rand_4824,EKKEKEKKKKEKEKKEEEKEKKKKKKEKEKKEKEEEEKEEKKKKEEEKKEEEEKEEEEKEKEEKKE,-3.4451108191877218,random,118
rand_3456,KKKKKKEKEKEKKEKEEKKEKEKEKEEKEEEKKEEEEEEEKEKEEEKEEKKEKKKEEKEKKEKKKE,-3.4391814404659464,random,119
rand_5337,EKEKKKKKEKKEKKEKEKKKEEEKEKEKEEEEKEKEKEEKKEKKKKEEKKKKKEEEKEEEEEEEKE,-3.433773013920867,random,120
rand_47,KKKKKEEEEKEKKKKKEEKKKKEKKEEKEKKEEEEKEKKEEEEEEEKEKEEKKEEEKKEKKKEKEE,-3.4185579512907878,random,121
rand_104,EKKKKKEEEEEEEEEEEEKEKEEEKKKKKKEKKKKEEKKKKEEEKKKKEEEKEEKEEKKKKEEEKK,-3.4065456410152626,random,122
rand_5722,KKEKEEKEKKEKEEEEKKKKEEKEEEEEEEKEEKEKEEEKKEKKEKKEEEKKEKKKKKEKKEKEKK,-3.398769708545666,random,123
rand_284,EKEEKKEKEKKEEEKEEKEEKEEKKEKKEKEEEKKEKKEEEEKKEKEEKEEEEEEKKKKKKKKKKK,-3.388425196687059,random,124
rand_5539,EKEKKEEEEEKEEEKEKEEEKKKEEKKEEKKKEEEKEKEKKEKEEKEKEKKKKEKEEKKKKKKEKE,-3.382216141009037,random,125
rand_1355,EKKEEEEEEKKEKEKEEKEEKEEKKKKEEEEKEKKEKEKEEEKKKEKEKEEEKKKKKKKKKKEEEK,-3.3717846127930167,random,126
rand_2365,KEKEKEKKKKEEEKEKKEEKKKKKEKKKKEKKKEEEEEEEEEKEKEEKEKEKEEEKEEKEKEKEKK,-3.3563425796776625,random,127
rand_4638,KKEKKEEEEEEEEEKEKKKEEKKEKEKEEEEKEKEKKKEKEEKEKKKKKKKKKKEKEEKKEKEEEE,-3.3502445810401698,random,128
rand_4708,KEEKKEKEKKKKKEEKKKKEEEKEKKEEEEEKKKKKKKEKEKKEEEEKEKEKKEEEEEKKEEEEKE,-3.3430594572601064,random,129
rand_5611,EKEKEEEEKKEKEEKKEKEEEEKKEKEEKKEEKKEEEEEKEKEKKKEKEKEKKKEEKKKEKEKKKK,-3.335498416184479,random,130
rand_3597,EEEEKKKEEKEEEKEEKKEEEKKKEEKEKKKKKKKKKKEEEKKKKKKEEKEEEEEEEKEKKKKEEE,-3.3261199995390136,random,131
rand_2707,KKEKKKKKEKEKKKKEKEEEEKEKKEEEKEEKKKKEEKEEEKKEKEEEEEKKKKEKKEEEKEEKEE,-3.3153376527658986,random,132
rand_3194,KKKEEKEKKEEKKEKKKKKKKEEKEKEEEKKEKEEEEKEKKKKKEEEEKEKEEEEKKKEEKKEEEE,-3.311157084006501,random,133
rand_2257,EKKKKKKKKKEEEEKKEEEEEEKKEKKKEKKKEKKKEKKEEEEKEEEEKKEKEEKKEKEEEKEEKE,-3.3013540070403558,random,134
rand_7689,KEEEKKEEEKKEKKKEKKEKKKKKEEEKKKKKKEEEKEKEKKEEKKEEEEEEKEEEEKKKEEKEEK,-3.2922088065241892,random,135
rand_240,KKKKEKKKKEKKEKEKKEEEEEEKEEKKEKKKEKKEEKEKKEEEEEEKEEKKEKEKEKEEEKEKKE,-3.284934708683696,random,136
rand_5637,KKKKEEKEEKEKEKEKEKEEKKKKKEKEKKEKKEKKKKEEKEEEEKEKEEEKKKEKEEEEKKEEEE,-3.276230473706136,random,137
rand_9466,EKEEEKEEEKKEEEKKEEEKKEEEKKEKKEKKEKEKKEEKKKEEEEEEKKKEEKKKEKEKEKKKKK,-3.265878462012632,random,138
rand_4106,KEKKKKEEEKEEEKKKKKKKEEEKKKKKEEKKEEKEKEEEKKEKKKEKEEEEEKEEKKEEKEEEEK,-3.260076152977718,random,139
rand_7261,EEEKKEKEKKEEEKKKKKEKKKKKKKKKEEEEEKEEKEEKEEEEKEEKKEKEEEKEEEKEKKKEKK,-3.250506112536247,random,140
rand_3707,EEKEEEKKEEEEEEKEEEKKKKKEKKEEEKKKKEEKKEEEKKKKKEEKEEKEEKEKKKEKKEKEKK,-3.2437006127476726,random,141
rand_2818,KKKKEEEEEKEKEEEEKKEKKEEEKEEEKEKEEEKKKEKKKKKKKKEKKKKKEKEEEEKEEEKEKE,-3.23588918536305,random,142
rand_3221,EKEKKKEEEEEKKEKKKEKKKKKKKKKEEKKEEKEEEEEKKEEEEEKEKEEEEKKEKKEEKKKEKE,-3.2285807483965616,random,143
rand_5796,KEKKKEKKEEEKKKKEKKKKEKEKEEKEKKEEKEKEKEEEEKEEEEEKKKEEEEEKKEKEKEKKKE,-3.2230495904112653,random,144
rand_3808,KKKKKKKEKEKEEEKKKEEEKEEEEKKEKEEEEEEEKEKEEEKKKKEKKEEKEEKEKEKKKEKEKK,-3.218790305174736,random,145
rand_6268,KKKKEKKEEKKKEEKKEKEEEEEKKKKKEKEEKEKKKEKKEKEEKEKEEEKKEEEEKEEEEEKKKE,-3.2132942228991945,random,146
rand_5008,KEEKEEEEEKKKKKEKKEKKKEKEKKKKKKKEEEKEEKEEKEKEEEEKKKKKKEEEEKEKEEEEKE,-3.2059252267735445,random,147
rand_6950,EKKEEEKEKKEEEEEEEEEKEKKKEKEKEKKKKKKEEKEKEEEKEKEEEKKKKKKKEKEKEKEEKK,-3.1920772074018653,random,148
rand_5504,EEEEEKKKEKKKEKKKEEEEEKKEEKKEEKEKKKEEEEKEEEEEEEKKKEKEKKKKKEKKKEKKKE,-3.184892673146985,random,149
rand_1733,KEEKEKKEEEEEEEKEEKEKKEKEEEEKKKEKKEEKEKKEEKKKKKKEEKKEKKEEEEKKKEKEKK,-3.180320840013918,random,150
rand_8790,KEKEKEEEEEKKKEEEKKKEEEEEKEKEKEEEKKEKEEEKKKKKEEKKEEKKKKKKEKKKKEEEKE,-3.170733422952336,random,151
rand_5826,EKEKKKKKKKKEKEKKKEKKEEEKEEEEEKEKEEKEEEKEKEKEKKEEEKKKEEKEKKEEKEKEKE,-3.164486650666903,random,152
rand_7141,EKKEEEKEKKEEKEEKKKKEKEKEKEKKEKKEKEKKEKEKKKKKEKKKEEKEEEEEKKEEEKEEEE,-3.159952325033954,random,153
rand_270,EKEKEKEKEKKKKEKEKEKKKKEKEEKKKKKEKEKEEEKEEEKEKEKEKKEEEEEKEEKEEKEEKK,-3.15179500231017,random,154
rand_154,KEKKEEEKEKKEEEEEEKEEKEEKKEEKKKKKEEKEKKKEKKEKEEEEEEKEEEEKKKKKKKKEKK,-3.146404168151,random,155
rand_9127,EEKEEEEKEEEKKKKEKEKKKEKEEEEKEEKKEKEKEEEEEKEKKKEKKKEKKKKEKEKKEEKKKE,-3.1387718538338856,random,156
rand_2279,KEKKEEKKKKEEKEEKEEEEEEEEKEKKKEKEKEEEEEKEEKKKKEKKEKKKEEEKKKEEKKKKEK,-3.1312277062008524,random,157
rand_8139,KEKEKKKEEKEKKEEKKKKEKKKKEEEKEEEKKKKEKKKEEEEEEEEKKEEEKEEEEEKKEKKKEK,-3.121872457401203,random,158
rand_30,KKEKEKKEEKKKKEEEEKEKEEKKKEKKEKKKKEEKKEEKKKKKEEEEKEEEEKKEKEEKEKEEEE,-3.1146269837721956,random,159
rand_6645,EKKKEKKEKKKKEKKKEKEEEKEEKEKKEEKKKKEKEEEEEEKKKEKEEEEEKKKKEEEKKKEEEE,-3.1066328102461456,random,160
rand_1191,KKEEKKEEEKKEEKKKKEKKKKKEKEEKKKEEKEKEEKEKEEKEEKEKKEEKKKEKEKKEEEEEEE,-3.101666566441585,random,161
rand_6314,KEKKKKEEEEEKEKEEEKEKKKEEEEEKKEEKEEEEEEKKKKKEKKKKKEEKKKKKKEEKEEKKEE,-3.09022543846925,random,162
rand_842,KEEKEKKEKEEKKKEKKEKEKEEKEKKKKKKKKKKEEEEEKEEEEEEKEKEKEKKEEKKKEEEEKE,-3.085823504100879,random,163
rand_9128,EKKKKEEKKEKEKKKEKKEKKEEKEKKKEKEEKEEEEKKEEKKKKEEEEEKEEEEEEKEKKEKKKE,-3.0765627307241856,random,164
rand_7729,KEKEEEEKEKEKKKEKKKKKKKKEKKEEEKEEKKEKEKEEEKEKEEKKKKEKKEEEEEEKEEEKKE,-3.0689077410641183,random,165
rand_9064,KKEKEEEEEEKEKKEKEKKKEEEEEEKEEEKEEKKEEKKKKKEKKKKKEKEEKKEEEKKEKKKKEE,-3.063691240263621,random,166
rand_6183,KKEKEEEKEKKEEEEKEKEEEEEKEKEEEKKKEKKEEEKEKKKKKKEKKEEKKKKEEKEKEKEKEK,-3.0526906905108997,random,167
rand_7880,KEEKKKKEKKKKEKEEKEKEKEKKKKEKEKKEEEEEEKKKEKEEEKEEKEEKKKEKKEEEEEKEEK,-3.0479142029313064,random,168
rand_7038,EKEKEKKKKEKEEEKEKEKKEEKKKKEEKKEKKEKKEKKEEKKKKEKEKEEEEEKEEEEKEEEEKK,-3.0435204423590663,random,169
rand_641,KKEKEEKKKEKKEEKEEEKEEEKKKEKEEKEEKEEEEEEEKKEEKEEKKKKKKKKEKKKKEEEEKK,-3.0346196339800535,random,170
rand_936,EEEEEKEKEKEEKKEKEEEEKEKKKEKEKEKEKEKEKKKKKEEKEKKEKKKKEKKKEEKEEKEKEE,-3.0285044318958714,random,171
rand_8353,KEEEEKEEKEEEKKKEKKEKEEKEEEKKEEEKKKEEEKEEEKKKKKEEKKEKEKEEKKKKKKEEKK,-3.022915239487252,random,172
rand_1925,EEEKEEKEEEKEKEEKEKKEKEKKEEKKKEEKEKKEKKKKKKKKKKEEEEEEEKEKEKKEEKKEEK,-3.0176244790274613,random,173
rand_1916,KKEEEEEEKEEKKKEEKKKEKKEEKKEEEKKKKEKKKKKKKEKEKEKEEEEKEKEKKKEKEEEEEE,-3.0134269907394113,random,174
rand_4210,EEKEEEEKKEEKEEKKKKEKKEEKEKKKKKEKEKKKKEEEKKEKEKEKKKEKEKKKEEEEEEKEEE,-3.0062056792047978,random,175
rand_4301,KKEEKEEKKEEEEEEEEKKKKEEKEEEKKEEEKKKEKKEEEKKKEKKKKKKKEKEKEEEEKKKKEE,-3.002962396210771,random,176
rand_7985,KEEKEEEKEKEEEEEKKEEEEKEKKKKEEKKEEKKKKKEEEKKKKEKKKEKEKEKEKEEKKEKEEK,-2.9998974758405326,random,177
rand_1657,KEKEEEEEKEKEEEKEKEKEEEKKKKKEEEKEEKEKEEKKEKKEKKKEEKKKEKKEKEKEEKKKEK,-2.9916014330282263,random,178
rand_9066,KKKKEEKKEKKKKEKEKKKEKEEEEKEEKEKEKKEEEKEEEKEEKEEKKKKKEEKEEEEKEEKKEK,-2.987660040837165,random,179
rand_3610,KKKEKEEEEEEEEEKEEKKEEEKEKKKKKKKEEKEEKKEEEEKKEKKKKKEEEKEEEKKKKKEEKK,-2.9798536854125612,random,180
rand_2100,KKKEEKKEEEEKEEKKEKEKKEEEEEKEEEEEKEEEKKKKKKKKKKEEEKKEEEKEKKKEKKKEEK,-2.975457188684537,random,181
rand_4224,EEKEKKKKEEEKKKEKEEKEEEEKEEEKEEKEEKEEEKKEKKEEKKKKKKKEEEKKEEKKKEKEKK,-2.9679641113549033,random,182
rand_8213,KEKKKEKKEKKKKEKKEKKEEEEEEKKKKEEEEEEEKEEKKEKKKKKEEEKEEEKEKEKKKKEEEE,-2.9607058889005,random,183
rand_9580,EKEEEKKEKEKEEKEKEEEEKEKKEEKKEEEKKKKEKEEEKEKEKEKEEEKEKKKEKKEKKKKKKE,-2.952767262808475,random,184
rand_9602,KEKEKEEEEKEEKEEKKEEEKKKEKEEKEEKKKEEEEEKEEKKKKKEKKKEEEEKKKKEKKKKKEE,-2.9472380662545357,random,185
rand_5367,EKEKEKKKKEKKKKKEKEKEEKKEKKKEEEEEEEEKKKEKKEKEEEKEKKEEKKKEEKEEEKEEKE,-2.9429118200706017,random,186
rand_7838,EEKEKKKEKEEKEKEEKEEEEEKEEKEKEEEKKKKEEEKKKEEKKKKKKEEKKEEKKEKKKEEEKK,-2.938797612511532,random,187
rand_4192,EKEEEEEKEKKKKKKKKEKEKKEKKKKEKKEEEKEEKKKEEEKEEEKKEEEKKEKEEEKEEKEKEK,-2.9330594538124637,random,188
rand_479,KEEKEKEEKKKKKEKKEEEEKEKKEKKEKKEKKEEKEEKEKKKKKEKEKKKEKEEEEEKKEEEEEE,-2.929446487344663,random,189
rand_3258,KKEKEKKKEEEKEKKKKKKKEKKEEKEEKEEEEKEEEKEEKEEEEKEKKKKEKKKEKEKEEKKEEE,-2.9220229134855056,random,190
rand_8810,EEKKEKKKEEEEKEEEEEKKKKEEKKKKEEKKKKEKKKKKEEKKKKEEEKEKEEEEKEEEEEKKKE,-2.913570015311203,random,191
rand_5820,KKEKEEKKKKKEEEEKKEKKEKEKKEEEEEKEKKEKKKEKEKKKKKEKKEKEEEEEEKEEEEEKKE,-2.9050103618008865,random,192
rand_3994,KKEKEEKEEKKKKKKKEEEEKKKKKKEEEEKEKEEKEEEKEEEEKEKEEEKEKKEEEEKKKEKKKK,-2.9003023986880034,random,193
rand_900,KEKEEKEEEEEKKKKKEEKEEEEEEKEEKKKKKEEKEKEEKKKEEEEKEKEKKEKKKKKEKKEEKK,-2.8942388453516426,random,194
rand_2448,EKKEKEEEKKEKEEKKEKKKEKKKEKKKEEKEKEKKKEEKEKKKEKEEEKEKKEEEEEKEEEEEKK,-2.8874986172219743,random,195
rand_91,EKKKKEKEKKEKEKKEKKKEKKKKEEEEEKKEEEKEEKKEKEEEEKKEEKKEEKEKEKKKEEEKEE,-2.8839876161737874,random,196
rand_6831,KEKKKEKEKKKEKKKEEKKEEEEKKKKEKKEEEEKKKEEKEEKEKKEKEEEKEEEKKEEKEKKEEE,-2.8791398825946075,random,197
rand_4901,KEEEKKEEKEEEEEEEEKEKKKKKKEKEEKKEEKKEKKEEKKKKEKEEKEEEEEKKKKKKEKKKEE,-2.873426167248367,random,198
rand_7287,EEKKKEKKKKEKEKEEKKKKEEEKKEKKKEKKEEKEEKEEKEEEEKKEKKKKKEEEKEEKKEEEEE,-2.8686096980446165,random,199
rand_1917,EKEEKEKEEEKEKEEKEEKKKKKEKEEEKEKKKEKKEEEEKKEKEKKKKKKKKKKKEEEEKEEEEE,-2.862457145707692,random,200
rand_7396,KEEKEKEKEKKKKEKKEKKKEKKKKEKEEEEEKEKEKEKEKEKEKEEKKKEEEEEKEEEKKEEKKE,-2.8596444762577153,random,201
rand_8215,KEEEKKEEKKEEKEEKKKKEEKKEKEKEKKKEKEKKKKKEKKEKEKEEEKKKEEEEKEEEKEEEKE,-2.8561974836722404,random,202
rand_2888,EEEEKKKKKKEEKEKKEEKKKEKKKKKEKEEEEKEEEEEKEKEKKEEEEEEEKEKEKKEKKKKEKK,-2.8514134291801487,random,203
rand_594,KKKKEKEEKEEEKEKEKEEEEKEEEEEKEKKEEKKKEKEKEKKKKEEEEKEEKKEEKKKKEKKKKE,-2.847669858547538,random,204
rand_7441,EKKEKKKEEKEKEEKKKEKKEKEEEEEKKKEKEEEEEEEKEEKEKKEKEEEKKEKEEKEKKKKKKK,-2.843535958817804,random,205
rand_4111,EKEEEEKEEKEEEKEKKEEEKKKEEKEKEKEKKKKKEKKKKEEKKEKEEKEKKKEEKKEEKKEEEK,-2.83596735329303,random,206
rand_4058,EKKKEKKEEEEKEEEEEEKKEKEKKEEKEKKKEEEEEEKKKEKEKEEKEKKKEKKKEKKKEEKKKE,-2.8316922854080233,random,207
rand_9265,EKEEEEKEKKKEEEKEKEEKEEEKKEKKEEKEKEKKKKEKKKEKKKKEEEKKKKKEKKEEEEEKEE,-2.8283598328171657,random,208
rand_6877,KEEEKEEEEEKKKKEKEEEEKEEEKEKEKKEKEKEKKKKKKEEEKEKKKEEKKEKEKKKKEEKEEK,-2.825053895565737,random,209
rand_1742,EEEKEEKEEEEKKEEKKKEEEEKEKEKKKKKKEEKEKEKKKEEEKKKKKKEKEKEEEKEKKEEKKE,-2.818497980750343,random,210
rand_8595,EEKEKKKEEKEKKEKKKEKKKKKKEKEEKEKEKEEKKEKEEEEKEKKEEEKEKEKKEEEEKKEEEK,-2.8131837166619222,random,211
rand_8464,EEKKEKEKEKKKEKKEKEEKKEEEKEKEKEEEKKKKKKKKKKEEEKKEEKKKEEKEEKEEEEEKEE,-2.8102729252938943,random,212
rand_9894,EEEKEKEEKEKEEEEEKEKEKKKKKEEKKKEKKEKKKEKEKKKEKKEEEEKEEEEKKKKKKKEEEE,-2.8069367487375914,random,213
rand_6249,KEKKEEKKEKKKEKEEEKKEKKEEEKEEEEEEEEKKEEKKKEEEKKEKEKEKEEKEEKKKKKKKEK,-2.801370266491723,random,214
rand_4279,EEKKKKEKKEKEKKEEKKEKKEKKKEKEEEEEKKEKKEEKKEEEEEEEKKEEEEKEEKEEKKKKKK,-2.7993672281302477,random,215
rand_9712,KKKKEKEEEKEEEEKEEKKKKEEEEEKKKEEEKEEEKEKKEEKEKEEKEEKKKKKKKKKKEEKEKE,-2.7958583405582025,random,216
rand_4423,EKEEEKEEKEEKEKEEEEKKKKEKKKEKEEKEKKEEEEEKKKEKKEKKKKKKEKKEKEKKEEKEEE,-2.7901958397312487,random,217
rand_3490,KEKEEEKKKKKEKEKKKKKEEEKEKEKEEEKEKKKEKEEEEEEEEKKEEKEKEEEEKKEKEKKKKK,-2.782318128976452,random,218
rand_2509,EEEEEEKKKKEKEKEEKEEKKKEEEKEEKKKKEKEEEKEEKEEKKKKEEKKKEEEEEKEKKKKKKK,-2.7791212530072285,random,219
rand_7001,KEEEEKEKKKKEEKKKKEKEEEEEEKKEEEKEKKKKEKKEEKKKKEKKKKKKEKEEEKEEKEEEEE,-2.7711958786219077,random,220
rand_5880,EKKKKKEKKKKEEEKKKEKKEEKEKEEEEEKKEKEEEKKKEKKKEKEEEKEEEKKEKEEEKEKKEE,-2.7656325525642234,random,221
rand_5083,KEKKEKEEKEKKEKEEKKKKKEKKEEKKKKKEKEKEEEEKEEKEEKEKEKEEKEEEKKEEKEKEEK,-2.760598947775982,random,222
rand_58,KKKEKKKKEEEKKEEKKKKEEEKEEEEEEEEKKKEKEKKKKKEKKKEKEKEEEKKEEKEEEEKEEK,-2.7578745159915936,random,223
rand_329,EKKKEEEEKKKEEKEEEEEKKEKEEKEEKEKKEEEEKKEKEKEKEKEKKKKEKEEKKKEKKEKKKE,-2.7519457828967324,random,224
rand_6223,EEEEEKEKEEEEKKKEEKEEKKKKKKKEKKEKKEEKEKKEKEEEKKKEKEKKEEEEEEKEKEKKKK,-2.7445763871543565,random,225
rand_124,KEEKKEKKEKEKEKKEEEEEEKEEEKKEKEKKKKKKEEEKKEEEEEEEEKKKEEKEEEKKKKKKKK,-2.738688471348902,random,226
rand_2760,KKEEKKEKEEEKKEEKEKKKKEEEKKEKKEKKEEKEKKEKKKKKEKKEEKEKEEEEKEKEEKEEEE,-2.732540804423685,random,227
rand_5468,KEEKEEEEEKEEKKEKEKKKKKEKKKKKKKEKEEEKKKEKEEEEEEKKKEKKEEEEKEKEEKKEKE,-2.727818761937303,random,228
rand_4237,KEEKKKKEKEKKEEEEEEEEEEEEKKKEKKEKKKKKKKEKKKEKEEKEEEKEKEEEKKEKKKEEEK,-2.724416035269779,random,229
rand_7769,KEEKEEEEEEKEKKKEKKKKKKEEKKKKKKEKEEEKKEEEEEEKKKEKEEEEEEEKKKEKKEKKKE,-2.7191758247758893,random,230
rand_9112,EKEEKEEKKEEKEEEKEKEEKKEEEEKKEKEKEEKKEKKKKKKKKEEKKKEEEEKKEEKEKKKEEK,-2.7148478659198987,random,231
rand_1872,EKKEKKEEKKEEKKEKEKEKEKKKEKKKKKEEEEEEKKKKEEKKKEEKEEKKEKEKKEEEEEEEEK,-2.7102325026638385,random,232
rand_4681,KKEEKKEKKKKKKEEEKKKEEEKEKEEKKEKKKEEEEEEKKEKKKKEKKEEEEKEEEKKKEEEEKE,-2.7056745846436496,random,233
rand_983,KEEKEKKEEKEKEEKEKKKKEEEKKKEEEEEEEEEEKKEKKEKEEEKKKKEEKKEKKKKEKEKKKE,-2.6990295587317057,random,234
rand_8907,KEEEKEEKEEKKKKEKKEKKEKKKKKEKEKKKEEEEKKEKEKEEEKKEEEKEKEKKKEKEEEEKEE,-2.694141571576264,random,235
rand_7048,EEKEEEKEKEKEEEEKKEKEEEEKKKEKEKEKKKKKEKEKKEEKEKKKKEEKKEKEKEKEKEEKEK,-2.6900547558850048,random,236
rand_2016,EEEKKKEEKEEEKEEKEEEKEEKKEKEKKKKKEKEKKKEEKKKKKEEKKKEKEKEEKEEKEKEKEE,-2.6829017258066115,random,237
rand_4885,EEKEKEEKKKKKKKEKKKKKEEEEKKEEKKKEEEEKKEKEEKKEEEKEEKKEEEEKKEEEEKKKEK,-2.6772724969675044,random,238
rand_3409,KKKEKEKEKKEKEKEEKEKKEKEEEKEEEEEKEEEKEKEEEKKKEEEKKEKKKKEKEKEKKEEKKK,-2.6746722714416853,random,239
rand_5844,EKEEKEKEKKEKKEEKKKEEKEEKEKEEEEEEKEEEKKEEEKKKKKKEKEKKEKKKEEKKKKKEEE,-2.6706379440608203,random,240
rand_7114,EEEKEEEEEEKEKKKEKEKKKKEEKKEKKKEKKKEKEEEKEEKEKKKKKKEKEKEEEEKKKEEEEK,-2.6649326194307363,random,241
rand_379,EEEKKEEEKEEEEKKEKEKKKKEEEKKKEKEEKKEEEEKKKEEKEKKEEEEKKEKEKKKEEKKKKK,-2.6599227286464284,random,242
rand_1812,KKKKKKKEEKKEEEEKEEEKKKEEEEEEKKEEKEKKEEKKKKKEKKEKKKEEKEEEKKEKKEEEEE,-2.6558711976104608,random,243
rand_1736,KEEKKEEKKEKKEKEKEKKEKKEKEKKEEEKKKKKKKEEEEKEEKEEKEKKKKEEKEEKEEKEEEE,-2.6502486139776424,random,244
rand_373,KEKEKEKEEKKEKEEKEEKEKKEKEEKEKEEKEKKEEEEEEEKKKEEKKEKKEEEEKKEKKKKKKK,-2.644812080790959,random,245
rand_7364,KEKKKKKKKKKEEEEKEEEKEEKEKEKEKKEKKEKKEEEEEEEKEKKKEEKEKKKEKKEKEEEKEE,-2.637533327129283,random,246
rand_7414,EEKKEKEEKEEKKEEEEEEKKEKEEKEKKKEKEEKEKKEKEEEKKKKKKEEEKKKKEKKKKEEEEK,-2.633999884015942,random,247
rand_1706,KEEEEKEKEEKKKEKKEEEKKEEKEKKKEKEEEKEEKEKEEEKEEKEEEKKKEKKEKKEKKKKKKE,-2.6286850205569117,random,248
rand_4683,EKKEKEKKEEEKKEEKKKEEEKKKKKKKEEKKEKEKKKKEEKEEEEEEEEKEEKEKEKEKKEEKEK,-2.624547805291874,random,249
rand_3223,EKKKKEEKKKKKKKEKEEKKEEEKEEKKEEKEEKEKEKEEEEEKKEKEKKEEEKKKKEEKKEEEKE,-2.619711133102267,random,250
rand_6041,KEEKEEEKEKKEKEEKEKKKKKEEKEEEKKEEEEEKEEEEKEKEKKKKEKKEEEKEKKKKKEKKEK,-2.613998119439825,random,251
rand_6773,KEEEKEKKKEKEKKKKEKEEKKEEEEEKEEEEKEKEEKEEKEEKKEKKKEKEEEKKEKEKEKKKKK,-2.6098335921432305,random,252
rand_6465,KEEEKEEKEKKKKKKEEKEEKKEEKEEEEKEKEEEKEEKKEEKKEKEEEEKEKKKKKEKKEEKKKK,-2.606476956056498,random,253
rand_3523,KEKEKEKKKEKEEKKKEKKKEKEEEEEEEEKKEKEEKKEKEEEEKKEKKEEEEEEEKKKKKKKKKE,-2.6006934175875016,random,254
rand_6290,EEKEEKEEKKKEEKKKKEEKEEEEEEEEEKKKKKKKKEEKEKKEEEKEEKEEKEKKKKKEKKEKKE,-2.5967850174799554,random,255
rand_5641,EKKKKEKKEKEEEKEEEKEKKKKKKKEKKEKEEKKEEKKEEEEEEEEEKKEEKEKKKEKKKEEEKE,-2.5924661632454793,random,256
rand_3287,EEEEKEKKKKEKKEEEKKEKEEKKEEKKEKEKKKKEKKKKKEKEKEKEEEEEKKEKKKEEKEEEEE,-2.5882120812740896,random,257
rand_1687,EEEEKEKEEEKEKEEEKKEKKKEEKKKKKKKKEKEKKEEEKEKKEEEKKKEEKEEEEKKEEKKEKK,-2.5841959897556994,random,258
rand_3101,EEKKEKEKKKEEEKEEEKKEKKKEKEKEKKKKKKKKEKEEEKEKKEEKEEEKEEEEEKEKKEEKEK,-2.5803772676843244,random,259
rand_3956,KKKKEKEEEEEKEEKKEEKEEEEKKEKEEEKKEKKKKEKKKEEEEEEEKKEEEKKEKKKKKKKEKE,-2.5740976531045576,random,260
rand_1086,KEEEKEKEKKKEEEEEKEEEEKKKEEKEEKEKEKEKKKKKEEKEKEEKEKKKKKEEEEEKKKEKKK,-2.568144800120347,random,261
rand_1302,EKEKKKEEEEEKEKEEEEKEEEEKKKKKEEKKEKKKKEKKKEEKEKKKEEKEEKKKEEEEEEKKKK,-2.56208268324611,random,262
rand_707,KEKKKEKEKKEEEEEEKEKKEEKKKKKKEKKKEKEEKEKEKKKEEKKEEEKEKEKEKEEEEEEKEK,-2.5567726348809696,random,263
rand_1451,KEEKEEEEEKEKKEEKKKEKKEKKKEEKKEEEKEEEEKKEKKKEEEEEKEEKEKEKEKKKKKKKEK,-2.552081415827247,random,264
rand_188,EEKEKKEEEKEEKKEKKEKEKKEKKKEKKKKEEKEKKKEKKKEEEEKKEEKKEEKEEKEEEEKEKE,-2.543901669638243,random,265
rand_7119,KKEKEEKEEKKEEEKEKKEKKKKEKEKEKKKEKEKEEEEEEEEEEEEKKEKEKKKKKEKKKEEEKK,-2.53854350347271,random,266
rand_1589,KEKKEKEEKKKEEEKKKKEEKEKEKEKEEKEKKKKEEKKEKKEKKKKEEEEKEKKEEEKEEEEEKE,-2.53284868505787,random,267
rand_6672,KEKEKEKEEEEEKEEKKEKEEEEKEKEKEKKKKKEKEKEKEEEEKKEEKEKKEKKKEEKKEKEKKK,-2.5289986978273507,random,268
rand_5555,KKKEEKKEKEKEEKEEEEEKKKEKKEKEEEEEEKKKKEEEEEEEEKKKKKKKKKEEEKKKKEKEKE,-2.527584358782581,random,269
rand_4135,KKKKEKKKKKEEKEEEKEKEEKKEKEEKEEEKEEEEKEKKKEEKEEEKEKKEKEKKEKKKKKEEEE,-2.5239584989358774,random,270
rand_6960,EEEKEEKKKEKKKEEKKKKKEKKEKKEEEKEKEEKEKKEEEEEKEEEEEKKKEKKEEEEEKKKKKK,-2.5182833213254443,random,271
rand_7187,EEKKKEEKEEKEEEKEEEEEKEEKKKKEKEKKKEKEKKKEKEKEKEKEEKEEKEKKEEKKKKKEKE,-2.5152596485749124,random,272
rand_4186,KKEKKKKEKKEKEEKEEEKEEEKKEEKKEEEKEEKKKEEEEKEEEEEKKEKEKKKKKKEEKEKKEK,-2.512943532806492,random,273
rand_2965,KKEKEEKEKEEEKEEEKEKEKEEKKKKEKKEEEEEKEEKKKEKEKEEEEKEKKEEKKEKKKKKKKE,-2.509605944546673,random,274
rand_8909,KEKEEEEKEEKKEEKKEKKEKEEKKKKKKKKKEKEKEEEEEEEKEKKEEEKEKEEKEEEEKKKKKK,-2.5063856961612325,random,275
rand_3714,KEKKEKEKKKKEKKKKEEEEKKEEKEEKKEEEKKEKEKEEKEEKEKEKEEEEKEEEKEEKKKKKKE,-2.5034612227591904,random,276
rand_1198,EEEKKEKKKKKKEEKEKKEEKKEEEKEEEEKEEKEEKKEEEKKEKEEKEEKEEKKKEEKKKKKKEK,-2.501062729385646,random,277
rand_4337,KKKKKKKEKEEKEKKEKEEEEKEEKEEKEKEEKKKKEEKKKEEKEEEEEKEKEEKEEKKEKKKEEK,-2.4978098378145144,random,278
rand_8371,KKKEEKEKKEEKEEEKKKEKKKKKKEKKEKEEEEEKKEEEKKEEEKKKEKEKKEKEEKEKKEEEEE,-2.492379204129249,random,279
rand_406,KKKKKKKKEEEKEEEKEKEEEKKEEKEEKEEKEEKEEKEKEKKEKKKKKKKEEEKEEEEEKEKEKK,-2.4875390993774538,random,280
rand_2949,KEEEKKEEEEEKKKKKKKKKEEEKKEEKEKKKEKKKEKKEKEKEEKEEEEKKEKEKEEEKKEEKEE,-2.485348388519975,random,281
rand_7212,KKKEKKKEKEEKKEKEKEEEKKEKKKKEEEKEKKEKEKKEEEEEKEEKKEKEKKKKEEEEEEKEKE,-2.4810624926473883,random,282
rand_5776,EEEEKKEKKKEKEKEKKEEKEKEKKEEEEKEEEKEKEEKEKKEEKKEEEKKEEKKEEKKKKKEKKK,-2.4778454064538877,random,283
rand_555,KKEKEEKEKKKKEKKKEEKKEKKKEKEEKEEEEKEEEEKKKEKEKEKEKKEEEEKKEKKKKEEEEE,-2.476088425313767,random,284
rand_3900,EEEEEEKKEEKKKKKKKEKEKKEEKEKKKEKEEKKEKKKKKEEEKEEEEEKKKEEEEEKEEKKKEK,-2.4718117050256523,random,285
rand_166,EEEKEKKKEKKEKEEEKKEKKKEKKKKKEEEEEEKEEKEEKKEEEEKEKEEEEEKKKKKEKKKEKK,-2.468590100154557,random,286
rand_7240,EEKKKEKKEKEKEKKKKKKEEKEKEKKEKEEEEKEEEEEKKKEKEKKEKKEKKEEEKKKEKEEEEE,-2.463752314417864,random,287
rand_2105,EKKEEEEEKKKEKKEKEKKEEEEEEEEKKKKKEEEKEKEKKEEEKEEKKKEEEKKKKKKEKKEKEK,-2.4600508893022988,random,288
rand_7882,KKKEEEEKEKKKKKKKEKEKEEEEEKEKKKKKEEKKEEKEEEKKEKKEKEEEEKKKKKEEKEEEEE,-2.4584132176325797,random,289
rand_5772,EEEEEEEEKKKKKEEKEKKEKEEKKEKEEEKKEKEKEKEKKKKEKKKEKEKKEEKEKEKKEKEKEE,-2.4547830388589706,random,290
rand_9361,KKEEKKKKKKEEKKKKEEEEKEEKKEKKEKEKEEEEEKEEKKKEEKKEEEEKKKKKEKEKEEEEKE,-2.451548468771455,random,291
rand_6405,KEEEEEEEKKKKKKKKEKEKKEEKKEEKKKEEEEKEEEKEEEEEKEKKKEEEKKKKKEKKKEEKEK,-2.448928764799057,random,292
rand_978,EEKKKKKEEKEKEKKEKEEEEKEKEKKEEEEEEEKKEEEEKKKKEKKKKKEKKKEKKKEEEEKEEK,-2.445253424235638,random,293
rand_9724,EEKEKKEKEEEKKEKKKKEEKKEEKEKEKEKKKEEKKKEKKKEKKEKEEEKKEEKKKEKEEEEEEE,-2.439440559878971,random,294
rand_486,EKKKEKKEEEEEKEEKEEKEEKEKEKEEEKEEKKKKKKKEKEKEEEEKKKEEEKKEKKEEKEKKKK,-2.433844375108821,random,295
rand_2665,EEKEKKEEEEEEEKKKEKEKKEKKEKEEKEEKKEEKEEEKKKEEKEKKKKKKKEKEEEKKKKEKEE,-2.4300388959556907,random,296
rand_1800,KEKKKKEEKKKEKKKKEKEEKEEEEEKEEKKKEEEEEKKEEKEKKKEEEEKKEKEEEEKKEKKKEK,-2.4265862559962397,random,297
rand_4463,EEKEKEKKEKEEEEEKEEEKEKKKEEEKKKEEEKKKKEKKEKKKKKEEEEKKKEEKKKEKKEEEEK,-2.4231893332526724,random,298
rand_7800,EEEKEEEEKKKKKKEKEEEKKEEEEEEKKEEKKKEKKEEKEKEEKKEKKKEKKKEEKEEEKEKKKK,-2.4190927388782963,random,299
rand_7068,KEEKKKKKKEEKKEEKEKKEKEKEEEEKKEEEEEEKEKKKEEEEEEEKKKKKKKEEKEEKKEKKEK,-2.414752222348142,random,300
rand_6978,KKEEEEKKKEKEKKKKEKKEKKKKKEEEEEEKEKEEKKEEEKKKEEEKKKEKKEEEKKEKEEKEEE,-2.4068230839372347,random,301
rand_2956,EEEKKKKEKKEEEKEEEKKEKEKKKKKKKKEEEEEKKKEKKKEEKEKEKEKEKKKEEEEKEKEEEE,-2.401957468682318,random,302
rand_1981,KEKKKKKKKKEEEKKKEEEEEEKKEEEKEKKEEKEKKEKEEKKEKEKEEKKKEKEEKEKKEKEEEE,-2.3982704327101914,random,303
rand_5714,KEEEEEKEEKEKEEKEKEKEKEEKKEKEKKEKKEKKEEKKKEKKKEKEEKKKKEEKEEEEEKEKKK,-2.3938032414007937,random,304
rand_9229,KKKKKKEKKEEEEKEEEKKEKEEEKKEEEKEEEKEKKEKKEEEEEEKKKEKEEKKKEKKKKEEEKK,-2.390956763970178,random,305
rand_967,KKEEEEKEKKKEKKKKEKKKEKKEKEKEEKEEKKEEEEKEKKKEEEEKKKKEEEKKEEKEEEEKKE,-2.3881187400763184,random,306
rand_7284,KKKKEKKKKEEEEKEEEKEKEEKEKEEEKEKEKKKEEEKKKKKKKEKEEKKKEKEEEEEEKEEEKK,-2.3821362188850914,random,307
rand_9283,EEKEEEEKEEKEKEKKEEKEKEKKKKKEEEEEKKEEKEKKKEKKEEEKKKKKEEEKEKEKEKKEKK,-2.3777256418936856,random,308
rand_3410,EEEEEEEKKKKEKEEKKEEEKEKEKEKEKKKKEKEKKKEEEKKKEKKEEEEEKEKKKKKKEKEKEE,-2.3753507114715577,random,309
rand_2673,KEKEEKKKKKEEEKKEKKEKEKKKKKEEEEKEKEEEKKKEKEEKKKEKKEEEEEKEEEKKEEKEEK,-2.3712799553599186,random,310
rand_9782,KKKEKEKKKEEEEEEEKKEKKKKEEKKEKKKKEKEKKEEEKEEKEKKEKEEEKEEEEEEKKEEKKK,-2.3679927164620533,random,311
rand_8450,EKKKKKEKEEKEEEKEEKKEEKKKEKEKKEKKKEEKKEEKKKEKKEKEKEKEEEKEKEEKEEEEEK,-2.3646518160153294,random,312
rand_6892,EEEEKKEEKEEEKEKKKEKEKKKEEEKKEKKKKEKKKEKEKKKEEKEKEKKEKEEKEKEEKEEKEE,-2.362742932908049,random,313
rand_6704,EKEKEKEKKEEKEEEEEKKKKEEKEEEEEEKEKKEKKEKKKKEEKKKKEEEKKKKEKKEKEKEKEE,-2.3598419920677807,random,314
rand_6076,KEEEEEEEKEKKKEKKEKEKEKEKEEEEEKKEKKKEEKKKEEEKKKKEKKKKKEEKEKEEKKKEEE,-2.3550220734953693,random,315
rand_5019,KEKKEEEKKEEKKEEKEKKKEEEEKKKEEKEEEKEEKEEEKKEEKEEKKEEKEKKEKEKKEKKKKK,-2.351725592646015,random,316
rand_2039,KKEEEEEEEKKKKEEEEEEEKEKKKKKKKKKEKEEKKKEEEKKEEKKEEEKKEKKKEKKEEEEEKK,-2.3485744862986246,random,317
rand_7962,EKEKKKEEKKKKKKEKKKEKEEEEEEEKEEKEEKKKEKEEEKKEEEEKEEKKEKEKKKEKEKEEKK,-2.3466955372831393,random,318
rand_7818,EKKKEKKEEKEKEKKKEKEEKKKEKEEEKKKEKKKKEKEEEKEEKKEEKEEEKEEEEKKEKKKEEE,-2.3442720290761754,random,319
rand_9037,KKKKKKKKEEEEEEEEEEKKKEKEEEKEEKEEEKKKKEEKEEKEKKKEEKEKKEKEKEKEKEKEKK,-2.3417381886719317,random,320
rand_6344,KEKKKEKKEEKKEKEKKEEEEEEEKKEKEKEEEEKEEKKKKKKKKEEKKKKKEEEEKEKKKEEEEE,-2.3366367128222265,random,321
rand_7348,KKKKEEEEKEKKEKKEEEEEEEEEKEEKKEEKKKKEKKEKKKEKEKEEKEEEKKEKKEKKKKEKEE,-2.3335698522408244,random,322
rand_9627,EEKEEKEKEKEKEKEEEKKEEEEKKKEKKEKKEKEEEEEEKKKKKEEKKKKKKEEKEEEEKKKEKK,-2.3294648188328844,random,323
rand_1603,EEKKKEKEKEEEEKEEEEEKKKEEEKKKEKKKEEKKEKEEKEEKEKEEKKEKEKKEKKKKKEKEEK,-2.325023743759805,random,324
rand_821,EKEKKEEEEKEKEKEKEKKKKKEEKEEKEEEEKEEEEKKEKKKEEKEKEEEKKEKKKKKEKKKKEE,-2.3201144396208555,random,325
rand_9700,EEEEEKKKEKEKEKEKEEEEEKKEKKEKEEKEKKKKEEEKEEKKKKEEKEKKKKKKEKEEEEKKKE,-2.3180075672741562,random,326
rand_363,EKEEEEEKKEKEKEEEKEKKKKKEEKEEEKKKEKKKEKEKEEEEEEKEEKKKKKKKEKKEKKEKEE,-2.3147401787576007,random,327
rand_5097,KKEEKEEEEEKEKKKKKEKKKKKEEKEKKKEEEEKKEKKKEKKEEEKEEEKEEEKKKEKEEKKEEE,-2.311579707217607,random,328
rand_8970,EKKKKKKKKKEEEEEEKKEKKKKEEEEKKEEEKEEKEKEKKKEEKKEKEEKEKEEKKEKEEKKEEE,-2.309602362947042,random,329
rand_8402,KKKEKEKEEEKEKKEKKKEEEKKKEKKEKKKKKEEEKEEKEEEKEEEKKEEKEKEEKKKEEEEKEK,-2.307269802343408,random,330
rand_4803,EKKKKKKEEEEKEEEKKEEKKKKKKKEEEKEEEEEEEEEKKKEEKEEKKKKEEKEKKEKEEEKKKK,-2.3051803996969866,random,331
rand_512,EEEEEKKKEEEKEEKKEEEKKKEEKKEEKKKEKKEKKKKEEKKKEEKEKEKKEKKKEEEEKEEEKK,-2.3006181227754046,random,332
rand_6442,KEKEKEEKEKKEKEEKEEEEKKKKEKKKKKKKEKEKEEKEEKKKEKEEEKEKEKKEEKKEEEEEEK,-2.298708994239068,random,333
rand_3586,KEKKKEEEEEEEKEKKKEKEEEKKEEEEKKKKEKKEEKKEEKEKEEEEKEKEEKEKKKKEKKKEKK,-2.2946462441961843,random,334
rand_8712,EKEKEEEKKKKKEKKEKKKKKEEKEEEEKKKKEEEKKKEEEKEKKEEEEEEEKKKEKKEEEEKEKK,-2.292794080285905,random,335
rand_4689,KKEEKKKKKKEKEKKEEEKKEEKKKEEKEEKEKEEEKKEKEKKEEEEEKKEEKEKEKEEKEKKEEK,-2.28980437124628,random,336
rand_4998,EKEKEKKKEKEKEKKEEKKKKKKEKKKEEEEEKKEEKEEEEKKKEEEKKEKEEKEKKEEEKKEEKE,-2.2859723582822857,random,337
rand_1530,EEKEEKKKEKEEKKEEKEKKKEKEEEEEKKEEEKKKEKEEEKKEEEEEKKEEKKKKKKKEEKEKKK,-2.2822921600404675,random,338
rand_5026,EEEEEEKKKKEEKEKKEKKEKKKEEEKEKKKEEKKKKEKEKEKEKEEKKKKKEKKEEEEKEEEEKE,-2.280022807070151,random,339
rand_6623,KEKKKKKEEEKKEEKEEKEKKKKEKKEKEEEKKEKEEKKEKEEEEKKEEEKEEEEKKEEEEKKKKK,-2.2783233085087944,random,340
rand_9636,EEEEKKKEEEEKKKEEKKKKKEKEEKEEKEKKKKEEEEEKEEEKKEEEEKKEKEKEKKKKKKKEKE,-2.273754715303663,random,341
rand_1179,EKKKKKEKEKEKKEKEEEEKKKKEEKKKEKEKEEEKEKKEKEEKEEEKKKKEEKEEKKKKEEEEEE,-2.2696675380595828,random,342
rand_5399,KKKKKKEEEKEEEKEKKKKEEEKEEEKKEKEEEEEEEEKKKKEKKEKKKEKKEKKKEKEEEKEEEK,-2.2677420304912426,random,343
rand_3488,KKKEEKKKEKKKKEKEKEKEKEEKEEEEEEKKKKEKKEEEEKKEKEEEKKEEKEKKEKKEEKEKEE,-2.266036904762947,random,344
rand_2395,KEEEEEEKKKEEKEEKEKKKKEKEEEKKEKEKKEEKKKEKKEEEEEEEKEKEEKKEKKKKEEKKKK,-2.2635625378599378,random,345
rand_4797,EKEEKEEEEKKKKKKKEEKEEEEKEKEEEEKEKKKKKEEKKEKEKEKEEEKKEEEEKEEKKKKKKK,-2.26114696941373,random,346
rand_8600,EKEKKKEKKEEKEKEKKEEEEKKEEEKEEKEEKEKEEKEEEKEEKKKKEKKEEKEKKKKKEKEEKK,-2.2576681465662953,random,347
rand_4024,EKEEEKKEEKEKEKEKKEEKEKKKKKKEEKKEEKEEKKEKKKKEKKKEKEEKEEKKEEEEEKEEKE,-2.2538295616580526,random,348
rand_7816,EEEEEKEEKKKKEEKEKKKKKKEKKEKKKEEKKEEKEEEEEEKEEKEKEKKKEKKEKEKKEKEKEE,-2.2502030900070418,random,349
rand_3286,EEEEKKKEEEEKKEKKEEEKEKKEKEEKKEEEKEEKKKEKEKEEKKKEEKKKEKEKEEKEEKKKKK,-2.2469770253622996,random,350
rand_9592,EEEEEEKKKEEEKEKKKEKEKKEKKKKKKKEEKKEEKKKEEEEKEEEKKEKEEKEKKEKEKEKKEE,-2.2428536135623904,random,351
rand_9598,KKEEKKEKKEKEKEEKEKKKEEEKEEEEEKKKEKEKKEKKKEKEEKKKKKKEKEKEKEEEEKEEEE,-2.2391747273653304,random,352
rand_6522,KKKEKKKEKEEEKEKEKKEEKEKKEEEKKEEKKEEKEEEEEEKKKKKKKKKKKEEEEEEEEKEKKE,-2.2357109549672516,random,353
rand_2768,EKKEKEKEKEEKKEEKEEEEEKKKKEEEEEEKKKEKEKEKEKKEKKKEEEEEKEKKEKKKKKKKEE,-2.2332854994820064,random,354
rand_267,EEEKEEKEEEKKKEKKEKKEKEEKEEEKKEKEEEEKKEEKKEKKKKKEEKKKKEEEEKEEKKKEKK,-2.231575193956648,random,355
rand_7418,EKKKKKEKEKEEKKKKEKKKEEEEKKEEKEEKEEEKEEKKEKKKKEEEEKEEKEKEEEKEKKEEKK,-2.228586108258912,random,356
rand_7189,EKEEKEKEEEKEKKKKEEEEEEEEKKEKKEKKKKEEEEKKEKKKEKKEKKEEKKKKEEKEKEEKEK,-2.227362143726239,random,357
rand_492,KKEKEKKEEKKKEEEEKKEKEKEEEEKEEEEKKEKKKEKKKEKKEKKEKKKEKKKEEEKEEKEEEE,-2.2245408367523294,random,358
rand_2950,EKEEKKEEEEKEKEEKKKKEEKKEKKKEKKEKKKEKKKKEEKEEEKKEKEEEEEEKKEKKEEKEEK,-2.221458165911323,random,359
rand_9784,EEEKKKKKEEEKEKEEEEEKKKKEKEKEEKEKEKKEEEEKEKEEKEEKKEEKEKKKKKKEKEKKKE,-2.22018027546987,random,360
rand_7562,EEEKKEKEKKEEEKEKKKEKEKKKEEEEEEKEEEKKEEKEKEKEKKKKKKKEKKEKKKEEEKKEEE,-2.2175348240297907,random,361
rand_7449,KEEKEEEKKEEKEEKKKEEEEKKEKKKKKEEKEEEKEEEKKEEEEEKKKKEEKKKEKKEEKKKKKE,-2.212170652301989,random,362
rand_2809,EEEKEEEEEKKKKEEKKKEEEKEKEKKKKEEEKKEEEKEKEEKKKEKEKKEEKEKKEKKKKKEEEK,-2.208921646233269,random,363
rand_8094,EKKKKKEEEEEKKEEKKKEEEKKKKKKKKEEKEEEEKEKKKEKKEEEKEKEKKEKEKEEEKEEEEK,-2.2053191079952414,random,364
rand_6556,EEEEEKEEKEEEKKKEKKEKKEEKKKKKEKEKEKEKEEEKKKEKKKEKEEKEEEKEKEEKKKKKEE,-2.203009904251397,random,365
rand_7798,KKEEEEEEEEKKKEKEKKKKEKEEEEEKEEEKEKKKKKEEEKKEKKKKEEEKEKKEEKKEEKKKKE,-2.2004611775218175,random,366
rand_6085,EKKEKKKKKKEKKEEKEEEEEKEEEEKEEEEKKKKEKKKEKKEEEKKKEEKEKKEKKEEKEKKEEE,-2.1980996199711647,random,367
rand_2556,KEKEEEEEKEKEKKEKEEKEKEKKEEKKEEKEEKEKEKKKEEEKEKEEEKKEEKKKKKKKEKKEEK,-2.194648298322143,random,368
rand_5129,EKKKEKEKEEEKKKKEEKKKKKKEEEEEKEKEKKKKEEKKEEEKEEKEKEKKKKEKEEEEKEEEEK,-2.192894290997285,random,369
rand_7145,EEKKEKEKKEKEKKKEKEEKKKKKEKEKKEKEEEEKEKEEKEEEKKEEEEEKEEKKKKKKKEEEKE,-2.190900875571298,random,370
rand_782,EEKEKKKEEKEEEKEEEKEEEKKKEKKEKKKKEKEKKEKEKKKKEEKEKKEKEKKEEEEKKKEEEE,-2.1870321528137775,random,371
rand_1244,KKEKEEEKEKKKEKKEEEKKKKKKEKKKEEEEEEKKKKEEEEKEEEEKEKEEKKKEKKEKKKEEEE,-2.1835397514655273,random,372
rand_629,KKKEEEEEKKKKKEKEEKKKEEKEEEKEEEEKKEEEEKKEKKKEEKEEEEEKKEKKKKEKEEKKKK,-2.1803571099363235,random,373
rand_8859,EKKEKEEEKKKKEKEEKEEEEEKEEEKKKKEKEEKEKKEEKEEKEEEEKKKKKKKKEEKKKEEEKK,-2.1768649947091703,random,374
rand_6824,KEKEEKEEKKEKEKKKKKKEKKEKEKKEEEKEEEKEKKKKEEEEKKEKKEEEKEEEEEKKKEEKEK,-2.174749718375316,random,375
rand_4029,KKKEKKEKEKKEKEEKKKEKEEKEKKEEKEEEKKKKEEKEKEEKEEEKEKEEEEKEKEKEKKKKEE,-2.171107602162623,random,376
rand_4026,EKEKKKKEKEKKKEKEEKKKEKEEEEKKKKKEEEKEEKEEEKEEEEKEKKEKKKKEKKEEEEEKKE,-2.169889944452242,random,377
rand_2514,EEEKEEEKEEKKEEKKKKEKKEEEKEKKEEKKEKKEEEKKEEEEEKKKKEKEKKEKKKKKEEKKEE,-2.16657206666066,random,378
rand_2638,EKKKEKKEEKKKEEKEEKEEKEEEEEEEEEKKKKKKKEKEEKEKEKKKKEEKKEKEKEKKKEEKEE,-2.1632710169329066,random,379
rand_6461,KKEKKKEEKEEKEKKEEEKEKKKKKEKEKKKKEEEEEEEKKKKKEKEEEEKEKKEEEKEKEEKEEK,-2.1614329562924666,random,380
rand_1024,EKEEKEEKKEKKEKEKEKKKKEEEEEEEEEKEKEKKKKKKEEKKKEKKKEKEKKEKKEEKEEEEEK,-2.159442685066239,random,381
rand_4997,EKKKKKKEKKKEEEKKEKEKEKKEEEEEKKEEKEEEKKKEEEKEKEKKKEEEKKKEEEKEKEEEKK,-2.156552390809693,random,382
rand_4585,EKEKEKKEEKKEEEEEKEKEEKKEEEKEKEKKEKEEEKKEEKKKKKEKKKEKKEKEEKEKKEEEKK,-2.154804397489125,random,383
rand_887,KKKKKKEKEKEEEKEEEKKKKKEEKEKKEKEEEKEEKKEEEKEEKEKEEKEKKEKEKEEEEKKEKK,-2.1524207378069935,random,384
rand_9278,EKKKKKEEEEKEEEEKKKKKKKEKEKKEKKEKKEEEEKEEKKEEEEKEEEEKKEKKKKKEEEKKEE,-2.1500573041892603,random,385
rand_6163,EKKEKEEEKEEKKEEKEEEKEEEEKKKKKEEEKKEEKKKKEKEKKKEKEKKEEKEEKEEEKEKKKK,-2.1455832109231627,random,386
rand_4582,KKKEEKEKKEEKEEEEKKEEEEKEEKEKEEKEKKKEEKKKEKEKKKKKKEKKEEEEKKKEKEEEKE,-2.142491102234875,random,387
rand_1182,KKEEKKEKEEKKKEEEEEEKEKKKEKKEEKKKEEEKKKKEKKKEEEEKEEEEEEKEEEEKKKKKKK,-2.1388331253990662,random,388
rand_5935,EEEEKKKEKKKEEEEKKKKEEKKEEEEEKEEEEEKKEKKKKEKKKEKKEKKEKEKEEKKEKKKEEE,-2.135329641422316,random,389
rand_6558,EKKKKEKEKKEEKKEKKKKEEEEKKEKKKEEEKEKEEKEKEKKEKEEEEKEKKKEEEEEKEKKEEK,-2.1325174026714864,random,390
rand_5172,KEKKKEEEKKEEEKKEEKKKEKEEKEKKEKKKKKEEEKEKEKKEEKKKKKEEEEKEEKEEEEEEKK,-2.1295962622641373,random,391
rand_1883,KKKEKKEEKKKKEKEEEEKEKKEEEEKKEEEEKEEKEEEKEKEKKEKKKEKKKEKEKKEKEKEEEK,-2.1276148595648205,random,392
rand_5459,EKKEKKEEEEEEKEKKKEKEEKEEEKEEKEKEEEKKKKKKEEKKEKKEKKKEEEKEEKEEKKEKKK,-2.1254434440103895,random,393
rand_9615,KKKEEEEKKEKKKEEEKKKEKEKKEKKKKEKEEEEKKKEKKEEEKEEKEKEEEKKEEKKKEEEKEE,-2.121963510050695,random,394
rand_1922,EEKEKEKKKKKEEEEKKKKEKEKEEKEKEKEKEEKEKEKKKKEEKKEKKKKKEKEEEEEKEEKEEE,-2.1195547712808023,random,395
rand_194,KEKKEEEEEEEEKEKKEKKEKEKKEEEKKKKEKEEEKEEEKKKKEKKKKKEKEEEKKKEKKEEKEE,-2.117006259796835,random,396
rand_9817,EEKEEEKEEEKKKKKKEEEEEEKEKEKKEKEEKEKKKEEKKKKKEKKEEEEKKKEKEKEEKKKEEK,-2.1143960541571802,random,397
rand_7274,KKEEKKKEEKKEKEKEKEEKKEKEEKKEKKEKEEKEEEEEKKEEEEEEKEEKKKEKKKKKEEKKEK,-2.1117523933395557,random,398
rand_8069,KEKEKEEEEKKEKEEKKEKEEEEKEKKEEKKEKKKKEKEKEEKKKKKEKKKKEEKKEEEEKEEKEE,-2.1095041399625023,random,399
rand_8142,KEKKKEEEEEKEKEKKKKEEKKKKKKKEKEEKKEEEEKEEKKKEEKEEEKEKEKKEKEKEEEKEKE,-2.1076847979523823,random,400
rand_3226,KEKEKKKEEKKEKEEKKEEKKEKEEKKKKKKKEEEKEEEEKEEKKEEEKEEEEKKEEKEEKKKEKK,-2.1048381794691124,random,401
rand_3108,EEKEKEKKEEEKKKEEEEKEKEEEEEEKKKKEKKEKKKKEKEKEEKKEKEKEKKKEKEEKKEKEKE,-2.1030164528836095,random,402
rand_1007,KKEKKEEEEEEEKEKKEEKKKKEEEEEKKEKEKKEEEKEEEKKKKEKEKEKKKKEEKKKKEKKEEE,-2.1007125911207436,random,403
rand_2548,EEEEKEKEKKKEKEKKKEKKKKKEEEKKEKKKEEKEKEKKEEEKEEEKEEKEKKEKEKEEEEKEKK,-2.097494093284064,random,404
rand_6060,EEEEEKKKEEEEEKEKKKEKKEKKEEEKKKKEKKKEKEEKKEKKEKEEKEKKEKKKEEEEEKKKEE,-2.0942180964097767,random,405
rand_5403,EKKEKEKKKKEEKEKEEEEEEEEKEKEKEEEKKKKKKKKEKKEKEEKEKEEEKKKKEEKKEKEEKE,-2.0919658899170384,random,406
rand_9826,EKEEEKKKKEEEEEKKKEKEKKEEEEEKKKKEEEKEKKEEEKEKEKEKEEEEKKKKKKKEKKEKEK,-2.0894213341641463,random,407
rand_5882,EKEKKKEKKKKKEKEEEKEEKEEEKEEEEEKKKEEEKKKKKEKKEEKKKEKKKEEKEEKEEKEEEK,-2.0874447209389833,random,408
rand_9209,EEEKKKEEEEKKEKKEKEEKEEEEKKEEKKEKEKKKEEKEEEEKKKEEKKKKKEEEKKKEEKEKKK,-2.0849777724805723,random,409
rand_8373,KEEEKEEEEKEKKKKKEKKKKEKKKKEEEEEKKKEKEEKKEEEKKEEEEKKKEEEKEEEEKKKEKK,-2.082630602392899,random,410
rand_1893,KKKKKKEKEKEKKEEEEEKEEKEEEKKKKKEKEEEEKEEKKKKKEEEKEKEKKKEKEEEKEKEEEK,-2.080129156924031,random,411
rand_1360,KKKKEEKEEKKKEEEKEEEEKKEEEEEKKKEEEKKKEKEEEKEKKEEKEKEKKKKEEEKEKKKKKE,-2.0780415686845206,random,412
rand_4979,KEKEKEKKEKKKKKKEEEKKKEKEKEEEKEEEEKEKEKEKEKEEKEKKKEKEEEEKEKEKKEEEKK,-2.076640950302936,random,413
rand_4020,KEEEKEEEKEKEKEEKEEEEKKKEEKKKKEEKKEKKKEKKEEKEKKKEEKKKEEEKKEEKEKKEEK,-2.0722682177658904,random,414
rand_4446,EKKKEKKKEKEEKEEKEEEKKKEKKKKEKKKEKEKEEKEKEEKEEKEEKEEEKKEEKKEEKEKEKE,-2.0691931239105763,random,415
rand_822,EEKEEEEKKEKEEEKKKKKKKKKKEEKEEKKEKEEKKKEKEKEEEKKEKEKEKEEKEEKKKKEEEE,-2.0665685829121205,random,416
rand_4598,KKEKEEKEKEEKKKKEEKEEEEEEEKEKKEKKEEKKKEEEEKEKEEKKEKEKEKEKKKEKKKKKEE,-2.063347335058607,random,417
rand_2914,EEEKEKKEKEKEKKEEEEKEEEKEEKEKEKKEKKKKEKKKEKEKKEEKKKKEEEEEKEKEKKEKKE,-2.0607394155556364,random,418
rand_250,EKEEKEEKEEEKKKEEKEKKEEEKKKEEEEKEKKEKEKEEKKEKKEEKEEKKKKKKKEEKEEKKEK,-2.057537183873652,random,419
rand_3666,KKKKEEKEEEEKKKEKKEEKEKKKEEKKEEEEKEEEEKKEEEEEKKKKKEEEEKEKEKKKEKKKKE,-2.0562075800934734,random,420
rand_2309,EKKEKEEEKKKKEEEEKEKEEEKKKKKKKEKEEKEEEEEKEKEEEEKKKKEEEEKKEEKKKKKKEK,-2.0536163295060588,random,421
rand_6377,EKEEKEEKEEKKEEEKEKKKEEEEKEKKEEEEKKKKEKKEKEKEKEKKKEEKKEKKEKEKKEEKEK,-2.0511067101673914,random,422
rand_7543,EKKKKKKEEEKEEKKEEEKKEKKEKEEKKKKEEKKEKKKEKEEEKEEKEEKEKEKKKEEEEEEKEK,-2.0486865028162797,random,423
rand_282,KEEEEEEKKKKKKEKKKEKEKKKEEKEKKKEEKEEKKEEEKEEEKKEKEKEEEEKEEKEKKKEEKK,-2.0466463799378327,random,424
rand_5177,EKEEEKKKEKEEKEEEEKEEKKEKKKKEEKEEEEEKKEKEKKKKKKKKEEEEKKEEKKEKKEKEKE,-2.0436276734618524,random,425
rand_8616,EEEKKEKKKKKEKEKEKEEEEEEKKKEEKKKEEEEKEEEEKKKKKKKKKKEKKEEEEKEKEKEEEK,-2.041207795547758,random,426
rand_9685,EEEKEEKKEKEKEEKEKEKEEEKEKEKEKKKEKEKKKKKKKEEKEEEEKEEEKEKKEKEKKEKEKK,-2.0385717785839494,random,427
rand_4096,EEEEEKKKKEEEEEEKKKKKKEKEEKKEKEKKKKKKEEEEKEKKEKEKEEEEKEKKEEEEKEKKKK,-2.035767421729788,random,428
rand_8615,KKKKKEKEEEKKEKKEEKKEEEKEEEEEEEKKEKKEKKKKKEKEEKEEEEEKKKEEEKKKEEEKKK,-2.034288291682196,random,429
rand_2734,KEEEKEKEKEKKKKKKKKKEEEEKKEEEEKKKEEKEEEKKKKEKEKEKKEKEEEEEEKKKEEEKKE,-2.03097217391561,random,430
rand_2569,KEKEEKKEEKEKEEEEEEKKKEKEKKKEEEKEEEKKKKKKKEEKKKKKKEEKEEEEKEKEKKEKEE,-2.0281655708494646,random,431
rand_8,KKEEKKEEEEEKEEKKKKEKEEEKEKKKKKEEKEEKEKKKKKEEKKEKKKKEEKEEKEEKEEEKEE,-2.026145461167568,random,432
rand_1301,KKEEEKEKEKKKKEEKEKKEEKEEKEEEEEEEKKKKEEEEKKEKEEKKKKEEEKKKKEEKEKKKEK,-2.0231817012797118,random,433
rand_1567,KEEEKEEKKKEKEKKKKEKKEEKKKEKKEEEEKKKKEKEEEKKKEEEKEKKEEEEKKEKEKEEKEE,-2.020231679585716,random,434
rand_7889,EKKEKEEEEEEKKKKEKKEKEEEEEEEKKEKEKKKEEKKEKEEKKEKKKEEKEKKKKEKKEEKEEK,-2.0186791406572175,random,435
rand_5654,KKEKKKEEEEEKKKKEKEKEKEEKEEEKKEEKKKKKEKKKKEEKEEKKKEEEEEKEKEEKEKEKEE,-2.016902929357631,random,436
rand_3551,KEEEKKKEKEKEKEKKKKEKEKEEEKKEEKKKEKEKKEEKEKKEEKKKKEEKEKEKEEEEKKEEEE,-2.0147250410166633,random,437
rand_3494,KEEEEEKEKKKKKKKKKKEEEEEEKKKKKEEKKEEEKKKEEEEKKEEKEEEKEKKKKEEEKKEKEE,-2.0105795178970154,random,438
rand_3609,EEKKKEKEEKKKEKKKEKKKKEKKEEEEEEEKEKEEKKEKEKKKEEEKKEKKEEKEEEEKEKKKEE,-2.008615667111123,random,439
rand_3006,EKEKKKKEKEKEKKKEKKKEEEKEEEKEKEEEEEEKKKKKEKKKEKKEEEEKKEEEEEKKEKEKKE,-2.0051823582121657,random,440
rand_1785,EEKKEEEKEKKEKEEKKKKKEEKEKKEKKEEKEEKEEEEEEEKEEKKEKKKEKKEKEEKKKEEKKK,-2.002703652305908,random,441
rand_9808,EKKEEKKEKEKEKEEKEEKKKKKEKEKEKEKKKEKEEKKEKEKKEKKEKEEEKEKEEEEEKKKEEE,-2.0004563700675932,random,442
rand_382,KEKKKEKKEKEKEEKKEKKEKKEEEEKKKKEKEKEEKKEKEEEKEKEEKKEEKKEEEEKKEKEEKE,-1.9971720604993728,random,443
rand_5893,KKEKKEKEEEEKKKEEEKEEKEEEEEEKKEEKKKKKEKEEKKKEEEKKKKKKEEEKEKKEKEEKKE,-1.9962710992150285,random,444
rand_2530,EEEKKEEEKEKEEKEKEKEEKKKEEKKEKKKKKEKKEEEKEEEKEEKKEKKKKKKKEEEKEKEEEK,-1.993856185510706,random,445
rand_827,EEEKEKEKKKEEEEEEKEKKKEEEKKEEKKEKEKEKEKKKKKEKEKKKEEEEEKEKKEKEKKEKKE,-1.9925391371308148,random,446
rand_5422,KEKEKKKKEKKKEEKEKKEKEKEEEEKEEKKEEKKEKKEEEKKKKEEKKEEKEKKEEEEKEEKEKE,-1.9894406327727225,random,447
rand_9643,EEKKEKKEEEKEEEEEKKKKKEKEKKEEEEKKKEEKEKKKEEKEEEKEEKKEEEKKEEKEKKKKKK,-1.9865113992698298,random,448
rand_2993,KEKEEKKEKKKKEKEKKKKEEEEEEEEKEKKEEEEEKEKKKEEKKKKKEEKEEEKEEKEKEKEKKK,-1.983761569447491,random,449
rand_7714,EKEEKKKEEKEEEKKEKKKKKKKEEKEKEKEKKEKEKEKKEEEKKKEEEEKEEKKKEKEEEEKEEK,-1.980779517052733,random,450
rand_9704,KEEEKEEKKKKKEEEKEEEKEEEEKEEEKKKKEKEKKKEEKKEEKKKKEKEKEEEKKKEKEKKEEK,-1.9793987616474036,random,451
rand_5951,EEEKKEKKKKKEEKKEKEKKKEEEKEKKEEEEKEKEKKEKKEKKEKEEKEKEKKKKEKKEEEEEEE,-1.9759780317155349,random,452
rand_405,EEKKEEEEKEEKEKKKKKKKEEKKKKEKKEEEEEKKKKEKEEKKKEEEKEEEKKEKKEKKEEEEKE,-1.9728080355841402,random,453
rand_5327,EEEEEEKKEKKKKEEKKKEEEKEEEKKKEEKEEKEKEKKKKKEKEKEKKEKKKKEEEKKEEEKEEK,-1.970729797076062,random,454
rand_564,KEKEEKEKEEEKEKEKEEKKKKKKEKEEKKEEEEKKKEEKEEKEKKEEEEEEKEEKKKEEKKKKKK,-1.9691616109137533,random,455
rand_3045,EKEEKEEKKKKKKEEKEEKEEEEEEKEKEKKKKEKEEEKEKEEEKKKKKEEEKEEKKEKEKEKKKK,-1.9669518638746406,random,456
rand_3478,KKEKEKEKEKEEEEKEEKEKEEEKKEEEKEKEEKKKEKKKEKKKKKEEEKKEKEKKEEKKEKEEKE,-1.9640096563471423,random,457
rand_9496,KKEEEEEEEEKKKEEKKKKKEEKEEEKEKKEEEKEEKKKKKKEEEKKEKEEEEKKKKEEKKKKEKE,-1.962691254560515,random,458
rand_2663,KKKEEEKEEKKEKEEKKKEKKKEKKKEKEKEEEEEKKEEKKKEKEEKEEKKKEKKKEKEEEEEKEE,-1.960350309327823,random,459
rand_7417,EKKKKEEKKKEKEEEEKEKEEEEEKEKKKKKKKEKEKEKKEKKKEEEEKKEEEEEEKKKKKEEEEK,-1.9573794064882875,random,460
rand_145,KKEKEKEKEEKKKEKEEKEKEKKKEEEEKEEEEKKKEEEKEEEKKKKKEKEEEEEEEKKKKEKKKK,-1.954098002042203,random,461
rand_6563,EKKKEEKEEKKKKKEKKEKKKEEEEEEEEKKKEKEKKKEKEKEEEEKKKKEEKEKKKEEKEKEEEE,-1.9512170868646248,random,462
rand_1459,EEKEKEEKEKKKKEEKKKKEEKEEEKKKEKEKKKEKKEKEEKEEKKKEKKEKEEKEKEEEEEEEKK,-1.9485389891770133,random,463
rand_2946,KKEKKKEKEEEKKEKEEKEKEEEEEKKEEKEKEEEEKKEKEKEKKEKEKEEKKKEKKKEEEKEKKK,-1.9467775050885225,random,464
rand_3044,EEKKKKEEEKKEEEEEKEKKEKKKEEKKKKEKKKKEKEEKKEEEKKKEKEKEEKEEKEKKEEKEEE,-1.9449572874397463,random,465
rand_9771,KEEKEEKKEEEKEKKKKKKEEEKKEKKKEKEKKEKEKKEKEEKKEEKEEKEEEEEEKKEKKEKEKE,-1.9424462087790133,random,466
rand_8469,KEKKEKKKKKEEEKKEKEKEKEEEKKEEKKEEKEEKKKKEEKEEEKEKKKKKEEKEEEEKEKEEKE,-1.9394479943728733,random,467
rand_128,EKKEKKKEKEEEKEKKKEKEEEEKEKEKKEKEKKKKEKKKKEEEEKKEKEKEKKEEEEEEEKEKEK,-1.9366190673027848,random,468
rand_2199,KKEEKEKEKKEEKEKKKKKKKEEKEEEKKKEEEEKEKKEEEEEKEKEKEEKKEKEEEEKKKEKKEK,-1.934628353185701,random,469
rand_7950,KEKEKKKKEKEKEKEEEEKEEEKEKKKKEEKEEKKKEKKKKKEKEKEKEEEKKEEKEEKEEKEEKE,-1.9334571400073108,random,470
rand_7525,EEEKKKEKKEKKKEEEKEKKEKEEEEKEKEEKEKEKKEEKKEEEEEEKKEEKKKEKKKEKKKEKKE,-1.9308704179700176,random,471
rand_3685,EKEKEEKEEEEEKEKKKEEKKKKEEEEEKKKEKKEEKKEEKKKKEEEKKKEEKKKEKKKKEEEEKE,-1.9293371048697356,random,472
rand_8728,KEEEKEKKEKKEKEEKKKKKKKKEKEEKEEEKEEEKEKKEEEEKEEKKKKEEKKEKKEKEEEEEKK,-1.9265491297339579,random,473
rand_5064,EEEKEEKEKKEEKKKKKEEKKEEKEEKEEKKEKEEEKEKEKEEEEKEKKKKKEKKKEKKKEKEEEK,-1.9242278336573968,random,474
rand_3838,EEKKEEKEKEEEEEEEKKKKEKKKKKEKEEEEKKKKKEEKEEEKEEKKKKEEEKEKKEKEKEEKKK,-1.9223995653609136,random,475
rand_429,EEEKKKKEKKKKEKKEEEEEEKEEEKEEKKEKEEEKEKKEEKKKKKEEEKKEKEEKKEEKEEKKKK,-1.9207340012070309,random,476
rand_4652,KKKKKEKKEEKKKEEEKEEEKKKEEEKEEKKEKKEEKEEKEEKEEKKEKKKEKKEKEEEEKEKEKE,-1.918774426174973,random,477
rand_9699,EKEKKKKEKKEKKKEEKEKEEEEEEEEKKEEEKKKKKKKEEEEKKEKEKKEEEEEKEKKEKEKKKE,-1.916282035032072,random,478
rand_7883,EKEEEKEKEKEKEEEEKKEKEEKEKKEEKKKEKEKEKKEKEKKEEEKKEEKEKKKKKEKKEKEKEE,-1.9143527077976243,random,479
rand_7283,EEKEEEKKEEEKKEEEEKKEKKKKKKKKKEEEKKEEEKKKEEEKKKEEKEKKEEEEKEKEKEKEKK,-1.913051366766477,random,480
rand_7743,KKEKKKEEEEKKEKEEKKEEKKKEEEKKKEKKKKEKEKKEKEEEEKEKEKEKEKEEKEEEEKEKKE,-1.9110412047001628,random,481
rand_2677,EKEKEKEKEEEKKKKEEEKKKKEEKKKEKKKEKEKKEEKEEEKKKKKEEEEEKEKKEEKEEEKKEE,-1.908953586385121,random,482
rand_2048,EKEEEEEKEKKKKKKKKKEKEKEEKEKKEEEKEKEKEKKEKKKEKEEEEEKKEEEKEKKKKEEEKE,-1.9072992429494615,random,483
rand_7563,KKKKKEKEEKKEKEKEKEEEKKEEEKEEKKKKEEEKKKKEKEKEKEKEKEEEEEKKEKEKEKEKEE,-1.9052545477328753,random,484
rand_6527,EKKKKEKKKEEKEEEEEEEKEKKKKKEKEEKKEKKKEKEKEEKEKKKKEKEEEEKEEKKEEEKKEE,-1.9034857959469207,random,485
rand_8042,EEEEKKEKKKEEEKEEEEKEEKKKEKKKEEKKKKEKEKEKEEKEEEKEKKEKKEEKEKKKKKKEEE,-1.9018403049539294,random,486
rand_8882,KEKKEKKKEKEEKKKEKKEKEKEEEKEEKEEEKEKEKKKKEEEKKKKKEEEEEKEKKKEEEEKEKE,-1.8995736480410381,random,487
rand_6440,EEKEEEKKEEEKKKEKKKEEEEKEEEEKKKKKEKEKKKKKKEKEEEKEEKKEKKKEEEKEEEKKEK,-1.8971683768504943,random,488
rand_1722,KKKKKEEKEEKEEKEKEEKKEKEEEEKEKKEKEKKKEKKKEEKKKKEEKEKEKEKEKEEKEEKEEE,-1.8954917511685212,random,489
rand_2307,KEKKKEKEEKKKEEKEEEKEEKEKEEKEKEKEKEKEKEKKEEEEEEKEKKKEKEEEKKKEEKKKKK,-1.8932675196862816,random,490
rand_9928,EEEEKEEEKKKEKEKEEEKEKKKEKEKKKEKEKEKEKEKEEEKKEKEEKEKEKEKEKEKEKKKKKE,-1.892107360912809,random,491
rand_7604,EEEEKKKKEKEEEEEKKKEKKKKEKKKKKEEKKEEKKEEEKEKEEEKKKEKKEEEEKEEKKEKKEE,-1.8899226982340063,random,492
rand_3246,KKKKEKEKEEEKKKEKKEKEKKEEEKEEKEKEEEEKEKKEKEEKEEKKKKKEKEEKKKKEKEEEEE,-1.887309805773351,random,493
rand_6959,EKKKKKEEEEEEEEKEEKEKKKKKEEEKEKKEEEEEKKEKKEKKEKEKKKEEEKKKKKEEKEKEEK,-1.8855767015488614,random,494
rand_8366,EKKEKKEKEKEKKEKKEEEKKEKKKKEEKKEEEEEEKKEEEEKKEEEKEKKEEEEKKEKKKEKKEK,-1.8833660156260474,random,495
rand_2767,KEEKKKKKKEEEEEKKEKKKEKEKKEKEEKEEKEKKEKKEEKEKEEEEEEEKEEKKKKEEKKEKEK,-1.8818637391489403,random,496
rand_3086,EKEEKEEEEKKEKEEKEEKKEKEKKEKKEKEEKEEEKKEKKKKEEEKKEEKEKKEEKKKKKEEKEK,-1.878978013111549,random,497
rand_7877,EKEKEKKKKEEEKKKEEKEEEKKEKKKKKKEKEKKEEEEKEEKKEEKKEEEEEEKEKKEEKEKKEK,-1.8770338052350233,random,498
rand_4120,EKKEKEKEKEEEEEKKKEEEKKKEEEKKKEEKKKEKEKKKKKKKKEEEEKEEKEEKEKEEKEKEEK,-1.8746171935857558,random,499
rand_6470,KKEKEEKEKEKKEKEEEEKEEKKEEEKEEKKKEEEKEKKEKEEEKKKKEKEKKKKKKKEEEKEEKE,-1.8731478354505948,random,500
rand_540,KKEEKEKEEKEEEEKKKEEKKKEKEEEEEKEKEEKEEKKKKEKKEKEEKEEKEKKKEKKKEEKKEK,-1.8720323694662098,random,501
rand_9471,KKKKKEKEEEKEEEEEEKKEKKKKKEKEEEKKEEEEEKKEEEKKEEEKEKKKKKEKEKEEKEKEKK,-1.870487553716475,random,502
rand_4616,KEKEEKKEEEEKKEKEEKKEEEKKKKEKKEKKEKEKKKEEKKKKKEEEEEKKKEEEEKKKEEEEEK,-1.8682658481990888,random,503
rand_3341,EEEEKKEEKEKEKEKEEEKKEKKEKKEKKEKEKKEKEKKKEKKEKEEKEKEKKKKEEEKEKEKEEE,-1.8649854289796721,random,504
rand_6367,EEEKKKEEEKEKKKEEEKKEKKKKKEKKEEKKEKEEEEEKEKKKEKKKEKKEKEKEKEKEEEEEKE,-1.8631002266322725,random,505
rand_4372,EEEKKEEKKKEEKEKKEKKKKEEEEKEKKEEEKEKEEEKKKEEEKKEEKEEEEKEKKKKKKKKEEK,-1.8611564835296677,random,506
rand_8748,EEKEEEKEKKKEKKEEKKKKEKKEKKEEEEKEKKKEEEKKKKKEEKKKEKEEKEEKEEEEKEKEKE,-1.860146274570162,random,507
rand_1018,EKKEKEEEKKEEEKKEKEEKKKKKKEEEKEKKKEEEEEEEKEEEKEKKEKKKKKKEKKKEEEKEKE,-1.8580014804963756,random,508
rand_5864,KEKKEKEEKEKKEKKEKKKEEKEEKKEEKEKKKKEKEEEEKKKKEEEEEEEEKEKEKEKEKKEEKK,-1.856153766849304,random,509
rand_1168,KKEKEKEKEEKKEEKEKKEEKKEEEEEEKKEEEKKEEEEKKKEKKEKKKKKEKKEKEKEKEEEKKE,-1.8539264750552238,random,510
rand_2486,EKKEKEEEKKEKKEKEKEEKKEKEEEKKKKKEEKKEKKKKEEKKEEKKKEEKEEEKEEEEKKEEKE,-1.8528235839479688,random,511
rand_1932,EEEEKKKKEKEEEKKEKEKEKEEEKKEEKEKKKKEKEKKEKKKKKKEEKEEEEKKEEEEKEEEKKK,-1.8499932177247802,random,512
rand_9499,KKEKEEKKEKKKEEEEEEKKEEKKKEEKKKKKKEKEEEEEEKKKKKEKKKEEKEEKEEKEKKEEEE,-1.8475399970486597,random,513
rand_9742,KEKKKKKKEEKEEEKKKKEEEEKEKKEKEEEKEKKKEKEKEEKKEEKKEEEEKKKKEEKEEEEEKK,-1.8457796344943718,random,514
rand_8268,KEKKKKEKEKEKEEKKKKKKEEEEEEKKEEEEEKKEKEKEKEKEEKEKEKEEKKEEEKKKEKEKEK,-1.8436361010476698,random,515
rand_3541,KKKKEEKKKEKEEKKKEEEEKEEEEKKKEEEEKEKEKKEKEEEEKKKKKEEKKEEEEEKKEKEKKK,-1.8406934991519144,random,516
rand_7564,EEKKEEEKKEEEKEKEEKKKEKKEKEEKKKKKKKEKEKKEEEEEKEEEKKEKEEEEKEKKKKEKEK,-1.8394342557589094,random,517
rand_8245,KKEEKEEKKEKKKKKEEEKEKEEKKEKKKKEKEEKEEEKEKKEEKKKEEEKKKEEEEEEEKEKKKE,-1.8376657760734671,random,518
rand_8071,KKKKEKEEKKEEKKEKEKKEEEEEKKKEKEKEKKEKEEEEEEKEEKEKKKKKEKKEKKKEEEEKEE,-1.836080282376549,random,519
rand_6266,EEKKEKEKEEEKEKKEKEKEEKKKEEEKKEKKKEEKEEEEEEEEKKKKKKKEEKEKKKKKEEKKEE,-1.832795249670492,random,520
rand_9810,KKKKEEKKKEEEKEKKEEEKKKKEKEEEKEKEKKKKEEEKEEKKKEEEEKKEKKEKEEEEEEKKEK,-1.8310437768006624,random,521
rand_6179,KEEEEKEKEEKKEEEEEKKKKEEKKKEKEKEEEKEEKKKKKEEKKEEKKKEEKKKKEEEKEKKEKE,-1.8269250117579288,random,522
rand_8196,EEKEEEKKKKEEEKEKKEKEKEKKEEEEEKEKEKKEKEKEKEEKKEEKKEEEKEKKKKKKKEEKEK,-1.825534848816853,random,523
rand_3583,EEEKEEEKKEKKEKKKEEKEEEKKKKEKEEEEEKKKEEKEEKEEKKKEEKKEEKKKKKEKKEKEEK,-1.823956429279848,random,524
rand_4782,EEKKKKEEEEKKEKKEEEKEEKKKKEKKEEKKKKKEEKEEKKKKKEEEEKEKEEEKEKKKEKEEEE,-1.8219409228775016,random,525
rand_5834,EKKKKEEKKEKEKEEKKEEEEKKEEEEEEKKKEEKEEEEKKKKKEKEKEKKEKKEKKEEEKKEEKK,-1.8197606434865037,random,526
rand_3200,EKEKKEKEEEEKKKKKEEEKKEKEEKEEEEKKKEKEEKKEEKEEEEKEEKKEKEKKKEKKEKKEKK,-1.8185964277378524,random,527
rand_6416,KEKKEKEKEEEKKEKEEEEEKEEEKEKEKKKEKKEKEKEKKKEKKEKEEEKEKKKKKKEEKEEKEE,-1.816264324238074,random,528
rand_5948,KEEEEEKEEEKKEEKKEEKKEKKEKEEKKKEKEKKEKEKEEKEEKKKKEEKKKEEEEKKEEKKKKE,-1.8145169316289336,random,529
rand_3790,EEEEKKKKKKEEEEKEEKEEKKKKEEKKKEKKKEKKKEEEEEEKEKKKEKKKEKKEKEEEEEKEEK,-1.8122991905459682,random,530
rand_3739,EEEEEEKKKEEKKKKKEKKEEKKEEEEEKKKEEEKEEEKKEKKKEEKKKEKKEEKEKKEEKKEEKK,-1.8097583483532456,random,531
rand_2780,EKKKEKKEEKEKEKKEEEEEEEEEEKKKKKEKKKKKEKEKEKEKKEEEKEKEKKEEEKKEKEEEKK,-1.8077289603379798,random,532
rand_3335,KKKEKEKEKEEKEEEEEKKEKKEKKEEEEEKEEKKEEKKEKKKEEEEKKKKEEEEKKKKKKKEEEK,-1.8062821429516613,random,533
rand_4893,KKKEEEKKKEKKKKEEEKEEKEEEEKKEEKEKEEEKKKEKEEKKKEKKKEEKEEKKKKKKEEEEEE,-1.8034542476178363,random,534
rand_4212,KEEEKKKEEKEEKEEKEEKKKEKEEEEEKKKEKKEEKKKKEKKKKKEKEKEEKKEEKEKEEEKEKE,-1.8017989196295983,random,535
rand_7893,KEEKKEKEEKEKKKKEEEKEEKKKKEKKEKKEEKEKKKEKEKEEEEEEKKEEEEEKEKKKKKEKEE,-1.799825331673588,random,536
rand_9915,KEEEKKEEEEEKKKEKEKEKEEKEEKEKKKKEKEEEEKEKKEKKKEEEEEKKKEEKKKKEKKEKEK,-1.798240263058176,random,537
rand_9952,KEKEKKEKKEEKKEKEKKKKEKEEKEEKEEEEKEEEKEEEKKKKEKKKKEKEEEKKKEKEEKKEEE,-1.7959992981231403,random,538
rand_2488,EEKEKKKEEEEEEKKEKKEKEKEKKEKEKEEKEEKEEEEKKKKEKKEEEEKKKKEKKEKEKKEKKE,-1.7946951839655234,random,539
rand_5668,EKKKEKKEEKKEKKEEEEEKKEEKEEEEKEEKEKKEKEKEKKEKKKKEEKEEEKEEKKEEEKKKKK,-1.7930068217781363,random,540
rand_1476,EEKEEEKKKKEKKKEKKEEEEEEEKEEKKKEEEKEKKKKKEKKKKKEEEKEKEKEEKEEKKEEKKE,-1.7914589326576884,random,541
rand_4918,KEKKKKKEEKKEEEEKEKEEEEEKEKKEKEEKEEKKEEEKKEKKEEKKKKKEEKEKEEEKKKKKEE,-1.7897882060704322,random,542
rand_4061,EEEEEEEKKKKEEKKEKEEKEKEKKEKKEKKEEKKKKEEKEKEKEKKKEEKEKEEKKKEKEEEKKE,-1.787130869632633,random,543
rand_6149,KKEEKEKKKEKKEKKEEKKEEEKKEEEEEKKKEKEKKKKEEEEKEKEEEEEKEKEEKEKKEKKKKE,-1.785149664317222,random,544
rand_6406,EKKEKKKKEEKEEEEEKEKKKEKKEEKKKKKKKEKEEEEEEKEKKEEKEKEEKKEKEKEEEKEEKK,-1.7830710221031112,random,545
rand_1910,EKEEEKKKEKEKKEEKKEKEEKKKEKKEKKEEKEKEEKKKEKKKEEKKEEEKKKEEKEEKEEEEEK,-1.7811295181267959,random,546
rand_5952,EEKKEKEEEKEKKEEKKKKKEEEKEKKKEEKKEKKKEEEEKKKEEKKKEKKKEEKKEEKEKEEEEE,-1.7791817789406157,random,547
rand_6003,KEEKEEKKKKKKKEEEEKEEEKKKEKKEEKEEKKEKEKEEKKKEKEKEEEEEEEEKEKEKKKEKKK,-1.7764874020726513,random,548
rand_675,KKEKEKEEKEKKEEKEKKEEEEEEEEKKKKEEEEKKKKEEEKKEKEKKKEKEEKKKEKKKEKEEKE,-1.775140969007276,random,549
rand_9137,KKEEEEKEEEEKKEKEKEKKEKEKKEEEKKKEEEKEKKEKKKKKKEKKEEKEKEEKKEKEEKKEEE,-1.7731253584308155,random,550
rand_9014,EKEEEKKKEKKKKEEEEKKKEKKEKKEEEEEEEKKKKKKEKKEKEKKKEEKEEKEEEKEEKEEEKK,-1.77033153486271,random,551
rand_9101,EEEEKKEEKEKKKKEEKEKKKEEKKEKEEEKEKKEKEKEEEEEEKEKKEEKKKKEKEKKKKEKKEE,-1.7678685877878555,random,552
rand_2153,KEKEEEKKEEKKKKEKKKEEKEKEEEEKEKEEKEKKEEEKEEEKEEEKKKKKKEKEEKKKEKKKEE,-1.7653436683456893,random,553
rand_7887,KEKEKKKKKKEEKEKKEEKEKKEKEEEKEKEEEEKEKEKEKEEEKKEKEKEKKEKEEKKEKEEKKE,-1.7623228604734977,random,554
rand_2340,EKEEKEEEEEKKKKEKEKKEKEEKEKKKEEEEEEKKEKKEKEKKEEKKEEKKKEEEKKKKKKEEEK,-1.75858423000625,random,555
rand_8606,EEKKEKEKEEEEKEKEKEEKEEKKKKKKKEKEEKEKEEEEEKKKEEEKKEKKKKEEEKKKKKEEEK,-1.7563157391853932,random,556
rand_7059,KKEKKEKEEKKEKKEKEEKKEKEEEEKEKEKKEEEKEEKKKKEEKKKEKKKKEKEKEEEEKEEEEK,-1.7538571291438891,random,557
rand_4599,KKKEKEEEKEEKEKKEKEKEKKKEKKEEKEKEKKKEEEKKKEKKKEKEEEEEEKEEKEKEKEKKEE,-1.7514206586499863,random,558
rand_3617,EKKEEKEEEEKEKEKEKEKKEKEEKKKEEEKKKKEEEKEEEKKEEKKKEEKKEEKEEEKKKEKKKK,-1.7489510106579167,random,559
rand_1982,EKKEKKKEKKEKEEEKEKKEEEKEEKEEKEKEEEKKKEEEEEKKEEKKKKKEKEKKKEKKEEKEEK,-1.7459973764855334,random,560
rand_8680,KEEEKEEEEKKKKKEEKKKEKKKEKEEEEKEEEKKEKKKKKKEKEKEEKKKEEEEEEEKKKEEKEK,-1.7435474548235612,random,561
rand_1213,KEEKEEKKKKEKKKKKKEKEEEEEKEEEKEEEKEKKKEKKKEEKEKEKEKKEEKEEKEKEKKEKEE,-1.742444651809735,random,562
rand_3526,EKEKEEEEKEEEKKKKEKEKKKEKEEEEKEKKEEKEKEKKKKEKKKKEEEEEEEKEKKEKKKEKEK,-1.7399801843567109,random,563
rand_2907,EEKKKEEEKEKKKEEEKKEKEKEKEKKKEKKEEEEEKEEEEKEEKKKKKKEEEKEEEKEKEKKKKK,-1.7377912550544796,random,564
rand_4865,EKEEEKKEEEEEKKKEEKKEKKKKEKKEKEKKKEKKEEEEEKEKEKEKKKKEKEEKKEKEEEEEKK,-1.7354386929066925,random,565
rand_5585,EEEKEEEKKKEEKKKKEEEEKEEEEKKKKKKEEEKEKKEKEKKKEEKKEKKKEEEKEEEKKEKEKK,-1.7335094947255554,random,566
rand_9106,KKEKEKEEKKKKKEKKEKEEEEEEEEEKKEKEKEKEKEKEEEKKEKKEKEEKKKEKKEEKEKEEKK,-1.73116155227697,random,567
rand_3696,KKKEEKEEEEEKEKEKKKEKEKEEEKKKKEKEKKKEKKKEEEEKKKEKKKEEEEEKEEEEKKEEKK,-1.730246483788968,random,568
rand_9913,KKKKEKEEEKKKEEKEKKKKEEKKEEEKEEKKKEKEKEEKEEKEKEKEEKEKKKEEEKEEKEEKEK,-1.7285000082310247,random,569
rand_3350,KEEKEEEEEKKKEKKEEKKKKKEKKKKKEEKEKEEEEKKEEKEEKKEKEEKEKKEKEEKEEKEKEK,-1.727270095162214,random,570
rand_2511,KEEKEEKEKEEEEEKKEKEEKKEKKKEKKKEKKEEEEKKEKKEEEEKKKEEEEKKKKEKEEKKEKK,-1.724336825324928,random,571
rand_7436,KEKKEEKEKEEKEEEKEKEEKEEKKEEKEEKKEEKKKKKEKEKEEKKEEEKKKEEEKKEEKEKKKK,-1.7218446237027039,random,572
rand_339,KEEEEKEKKKEKKEKEEKKKKEKKEKKEKEEKKKEKEEEEEEEKKEKEEKEEEKKKKEEKKEKEKE,-1.7195868857137182,random,573
rand_6093,EKKKKKKEEKEEEEEKEKEKEEKKEEEKKEKKKKEEEEEEEEKKKKEEKKEKKEEKKEEKKKEEKK,-1.717813258749511,random,574
rand_118,EEEEKEEKKEEEKKKEKEKEKKEKEKEKEEKEKEKKEKKKEKKEKKEEEKEKEEEKKKKKKEKEEE,-1.7161534756701085,random,575
rand_6430,EEKKKEEKKKKEKEEKKKKKEEKEEEEEKKKEEEEKKEEEKKKKKKEKKEKEEEEEKEKEEKEKEK,-1.7144770462223273,random,576
rand_5315,KKEEEKEKKKEKEKEEKEKEKKEKKKKEEEEEEEEKEEKKEEKEEKKEKEKEKKEKKKKKEKEEKE,-1.7122267406163574,random,577
rand_9267,EKKKKEEKEKKEEKEKKKKEKEKEEKEKEEKKKKEEEKEEEKEEKEKEKKKEEEEEEKEKEKKEKK,-1.7108715974545832,random,578
rand_2639,KKEKKEKEKKEEKKEEEEEEKEKKEKKKEEEEKEEEEKEKEKKEKEEKKKKEKKKEEEKKEKKEEK,-1.708268955698493,random,579
rand_7147,KEKEEEEEKKEEKEEEEKKKEKKEKKEKEKEEKKKEEKEEKKEKEKKEKEEKKKKKEKEEEEKEKK,-1.7063420970705057,random,580
rand_6089,KEEEEEEKEEKKKKEKKEKKEKEEKKKKEEEEKEEEKKEKEKKEEEEKKKEKKKKKEKEEEEKEKK,-1.7031567381828772,random,581
rand_1375,KEEKKKKEKEEKEEKKKEEEEEKEKKKEEKEKEEEEEKEEKKEKEKKEKKEKEEKKEKEKKKKKEE,-1.7013137067319493,random,582
rand_590,KKKKKEKKEKEEEKKEEEKEEKKEKKKEEEEEEKKKKEKEKEEKKKEEEKEEKKKEEKEEKEKEKE,-1.699520105265399,random,583
rand_3996,KKEKEEKKEEKEEEKKEEKEEKEEKEKKEKEEEKKKKEKKEKEEEKKKKKKKEKEKKEEEKEKEEE,-1.6972272875945225,random,584
rand_9359,KEKEEKKEEKKKKEKEEKEEEEEKKEEEKKKEKKEKEEEEEKKKEKEEKKEKEKEEEKEEKKKKKK,-1.6947928867184494,random,585
rand_2816,EKEEKEEKKEKEKKKEKKEKKEEKKEEKKKEKEKKEEKKKEKEEKEEEEKEEKEKEEEEKKKEKKE,-1.6939674996752228,random,586
rand_3866,EKEEEEEKKEKKEKKEKEEKKEEEKKKKEKKKEKKKEEEEEEKKKEEKEEKKKKKKKEEEEEKKEE,-1.692319125661884,random,587
rand_9302,EKEEKEEKEKKEKEKKEKEEKEEEKKKEKEEKEKKEEEKEEEKKKKEEKEEEKKKEEEKKKKKEKK,-1.6907748352025047,random,588
rand_4127,EKKEEKKKKKKEKEEEKKEEKKEKKEEKEKKKEEEEEEKKEEKKKEEKEEEEEKKKKEEKKEKKEE,-1.6888437769423705,random,589
rand_2254,EEEKKKKKEKKEKKEEKEKEKEEEEEEKKKKKKEKKKEKEEEKEEEEKKEEKEEKKKEEEEKEKKK,-1.6867450940244664,random,590
rand_6798,KEEKEEEKEEKKEKEEKKKEKKEEKKKKKKEEEEKKKKEEKEKKEKKEEKKEEKEEEKEEEKKEEK,-1.6856794620506055,random,591
rand_9968,KKKEKKKEEEEKEEKEEEEKEEKEKKEKEKEKKEEEKKKEEKKEEKEKEEEKKEKEKKKKEKEKKE,-1.684356432647617,random,592
rand_7955,EEKKKEKEEEKEEKKKEKKKKKKKEKEKEEEEEKEKEKEEKEEKEKEKKEKKEKEEEEKEKEEKKK,-1.6820784488993807,random,593
rand_9408,EEKEKKEKKEEEEKKEKKEKKKEEEKEEEKEEKKKEEEEKKKEKEEEEKKEKKEKKKKKKEKKEEE,-1.6804542004458038,random,594
rand_6142,EKEKEKEKKKKEKEEKEKKKEKEEKKEKKKEEKKEEKEKEKEEEKEKEEEEKKEEKEEKEKEKKEK,-1.678083054470269,random,595
rand_1326,EKEEEEEKKKKKEKEKEEEEKEEKKKKKEKEKEEKKKEKKEKKKEEKEEKEKEEEEEKEEKKEKKK,-1.6760445883253328,random,596
rand_5613,EEKKKKEKEKKKKEEKEEEKKKEKKEEKEEEEEKKEEKKEEEKEEKEEKKKKKKKEKEKEEEKEKE,-1.67420204337456,random,597
rand_5412,EEEEKEKEKEEEKKKEKKEKKEEEKKKKEKKKKEKEEEKKEKEKEKEEEKEEEKEKKKKKEEKEEK,-1.672697306801023,random,598
rand_691,KKEEKEKEEEEEKKEEKKEKEKEEKKEKKEKKKKKKKEEEKKEEKEEEEEKKEKEKKKKEEEKKEE,-1.6710507040202196,random,599
rand_2106,KEEKEKEKEEKEEKEEEKKKEKEEEKEKEKKKEEEKKKKKEEEKKEKEEEEKEKKEKEKEKKEKKK,-1.6691226855721253,random,600
rand_3665,KEKKEKEKKEEKEEEEKEEKKEEEEKEKEEKKEKKKEKEKKEKEEEEKKEKKKKEEKKKEEKEEKK,-1.6670037358240337,random,601
rand_1075,KEKEKEKKEKEKKEEEKEEKEEKEEKEKEKKEKKEEKKKEEEEKEEEKKEEEEKKKKEKEKKEKKK,-1.6636286244531304,random,602
rand_6518,EEKKKEEEKKEEKKEEEKEKEKEEEEKEKKKKKKEEKKKEEKKKKKEEEEKEEEKEKKKKKEKEEE,-1.6617884398148282,random,603
rand_2250,EEKKKKEKKKEEKEEEKEKEEKEEKKEEEKEKKKKKEKEKEEKEEEEEKKEEEEKKKEKKKKKEKE,-1.6603812551894221,random,604
rand_666,EKEKKEEEEEEKKEKKKEEKEEKKEKEKEEKKKKKKKKEEEKEKEEKKEEEEKKKEKKKEKKEEEE,-1.6591224948562415,random,605
rand_5850,EKEKKEKEEKEKKEEKKKEEEKKKEKKEEKEKEEEEEEEEEKKKKKEKKEEEKKEKKKEKKEKKEE,-1.6574050414921673,random,606
rand_4444,EEEKEKEEKKKEEKKKKKEKEKEKEEKKKKKKEEEKEEEKKEEKKEKEEKKKEKEEKEKEKEKEEE,-1.6552932034359031,random,607
rand_4077,EEEEEKEKKEKEEKKKKEEKKEKKEEKKKKKEEEEKEEEEKKKEEKKKEKEEKEKKKKKEEKKEEE,-1.653629453024036,random,608
rand_8551,KKKEKEKEEEKEEEKKEEKEKEEEEEEKKKKKKKKEKEEEKEKEEKKEEKEKKEKEKKEEEKKEKK,-1.6511361835931753,random,609
rand_9663,KKEEEEKKKEKEEKEEKEEKKKKEEEEKKEEKEEEKEKKEEEKEKKKKEEEKEKKKKEEKKKEEKK,-1.6480966075266352,random,610
rand_1935,EEKEEEEKKEKEKKKEEEEEKKKKKKEEEEEKKKKEEKEKKEEEKKEKKEEEKEKKEKKKEEKEKK,-1.6462367546526355,random,611
rand_7509,KEKEKEEKEKKKEEEKKKKKEKEEKKKEKKKEEEKEKEEEEKEEEKKEEKKEEEKKKEKEKEEEKK,-1.6452832177844858,random,612
rand_7927,EKEEKEEKKEEKEKKKKEKEEEKEKKEKKEKEEKKEKKEEKKKEKKKKEKEKEEEKEKEKEEEEKE,-1.642683528789257,random,613
rand_5201,EKKKKKKEKEEKEEEKEKEKEKEKKKEKEEKKKEEEKEEKEKEEEKEEKEKEKKEEEKEEKKEKKK,-1.6402881687661968,random,614
rand_1636,KKKKKEEEEKEKEKEEKEKKEEKEEKEKKKKEKEKEKEEEEEKEEEEEKKKKEKKKEKEKKEEKEK,-1.638615041143924,random,615
rand_1791,EKKKEEKKKKKEEKEKKEKEEKEKEEEEKKEKKKKEEKKEKEEEEKKKEKEEKEKEKEEKEKEKEE,-1.6375811304529615,random,616
rand_3379,EKKEKEEKKKEKKKEEKKKKEKEEEEEEEKKEKEKEEKKEKEEEKEKKKEEEEKKEEKEEKEKKKK,-1.6365381872612457,random,617
rand_5680,EKKEKKKKKEEKEEEKEEEKEKKEKKEEEKKEKEKEKEEEEKEEKEKEEKEKEKKKKKEKEKKKEE,-1.6347074222932996,random,618
rand_5062,EKKKKEEEKKKEKEEEKKEKKKKEEKKEEKEKEEEKEKKEKEKEKKEEEKEEKEEEEEKKEEKKKK,-1.632380880628794,random,619
rand_1419,EKEEKEEEKKKKEEKKKEEEEKEEKEKEKEKEEKEKEEKEKKKKEEKKKEKKKEEEKEKKKEKKEE,-1.63101166309274,random,620
rand_6456,EEEKKEEEEEKEKKEKEEKKKKKKEEEKEKKKEEEKKKKEEKEEKEKKEEEKKEEKEKKKEEKEKK,-1.629098326930155,random,621
rand_3768,EKKEEEKKKEEEEEEKKEKKEKEKEEEKEKKEKKKEKEKKKEEKKEKEKEKKKEKKKEEEEKEEKE,-1.6272927126920091,random,622
rand_7749,EKEEKEEKEKEKKEEKEKEEKEEKKEKEKEEEKKKKEKEEKKEEEEKKKKEKKEEKEKKEKKKKEE,-1.6261055128485271,random,623
rand_7091,KKEEKEEKEEKKEEKKKKKEEKEEEEKKKKKKKEEKEEEEEKEKEEEEKEKEEKKKKKEKEKKEKE,-1.6241019778770345,random,624
rand_7158,EKEEKKKEEKEKKEKEKEKKEEKKEEKKKEKEEEEKKEKEEEEEEKEEEKKKKEKKEKEKKEKKEK,-1.623108746134379,random,625
rand_5029,KKEKKEEKKEKEKEEKKKKEKEKKEEEEKEKEEKKKEKKEEEKKKEKEEEKEKEKKEEEEKKEEKE,-1.6216701276214676,random,626
rand_4038,KKEEEEEKKKEKKKKKKEEKEEEKEKEKEEEEEKKKKKKEEEEEEKEKEEKEKKKEKEKEKKKEKE,-1.6206590140299333,random,627
rand_5981,EEKEKKKKKKEKKKEKEEEKEEKKEKEKEEEEEKKKKEEKEEEKKEEKKKEEEKEEKKEKKEEEKK,-1.6184364347569455,random,628
rand_5718,EKKKEEKKKEEEEKEKEEKEKKKEKKKEEKEEEEKKKKKEEEEEKEEKEEKEEKEEKKKKKKKEKE,-1.6166667700993946,random,629
rand_4716,EKEKKKKEKEKEKKEKEKEEEEEEKEKEEKEEKKEKEEEKKKKEKKEKKEKEEKKKKEEKKEEKEE,-1.6145691500804327,random,630
rand_8328,KEKEEEKKKKEKEKEEEEEEEEKKKKEKKEEKEEKKKEKKKKEKEKEKEKKEKEKEKEEEEKEEKK,-1.6125979983475132,random,631
rand_4950,EKEKEKEEEEEEKEKKKEEKKKKEKEKKEEEKEKEKKEEKKEKEKEEKEKEEEKKEKKKKKEEKKE,-1.611338712094373,random,632
rand_9388,EEKEKEEEEKKEKKEKKKEEKEEKEKEEEKEEKKKEKEKKKEKKKKKEEKEEEKEKKEEKKEEEKK,-1.6093164153506947,random,633
rand_9993,KKEEEKEEEKEKKKEEEKKKEKEKEEEKEEEKKKEKKEEKKEKKKKKEKEKKEKKEEKEEEKEEKE,-1.6076524271918873,random,634
rand_3847,KKEEKEEKKEKEEEKEKKKKKKEKEKEKKKEKEEEEKEKEEEEEKKEKEKKEEEKKEEEKKKEEKK,-1.6058566592016967,random,635
rand_9611,EEEKKEEEKKEEEKEKKKKKKEEEKKKEEKEKKEEKEEEKEKKEKKKKEKKEKKKEEEEKKEEEKE,-1.6047031678964032,random,636
rand_6310,EEKEKKKKEEEKKKEEEEKEEEKEEKKKKKEEKKEKKKEEEKEEKEEKEKEEEEKKKKEKKKKKEE,-1.6020246411461274,random,637
rand_3047,EKEEKKKKEEKKKKKEKEKEKEEEEEEKEEKEKEKEKEKKEEKEEEKKKEEKKKEEKEKEEKEKKK,-1.600821775878217,random,638
rand_4249,EEEEEKKKKEEEEKEKEKKKKEEEEKKEEKKKKEEKKKEEKKKEKEKKEEKKEKEEKEEEKKEKEK,-1.5985676794791064,random,639
rand_1032,EEEKKKEKEEEKKKEKKEEEKEKEEEEKEEKKKKEEKKEKEEEKEKKKEEKEKEKEKKKKKEEKEK,-1.5966707876902868,random,640
rand_2054,KKEEEKEEEEEKKEKKEKEKEEKKEEEKEKKKKEEKEEKKEKKKKEEKKEKEEKKEEEEEKEKKKK,-1.5952584952261315,random,641
rand_3128,KKEKKKEKEEKEKEKKEEKEKEEKKKKKEEEKEKEEKKKEEEKEEKEEKKKKKEEEKEEKEKKEEE,-1.5940043226787286,random,642
rand_2127,EEKKEEKEEKKEEKKEEKEEKKEEKKEKEKEEEKKEEKKKKKKEKEEEKKKKKEEEKKKKEKEEEE,-1.5915918304832342,random,643
rand_8176,KKKEKEKEEKEEEEEEEKKKEKKEKKEKKEEKKEKKEEEEEEKKEKKEKEEKEEKKKEKKKKKEEE,-1.5891665687624683,random,644
rand_4563,KKKKEEEKKKEKKEKEKEEEEEEKEEEKEKKKEKEEEKEKKKEKEEKKKEEEKEKEKKEEEKKKKE,-1.5880030815841346,random,645
rand_7821,KKKKEEKEKEEKEEEEKKKEKKEKEKEEEKKKKEEKEKEKEEKKKKKKEKEEKEEKEEEEKEEKEK,-1.5858229092584917,random,646
rand_5069,EEEEEKKKEEKEKKKKKKEEKKKEKKKEEEEKKKEEKEEKEKKEEKEEEKKKEEKEKEEKEKKEEK,-1.5843657223078216,random,647
rand_6632,KEEEEEKEKEKKEKEEEKKEEEKKKEKKKKKEKEEKEKKEEEEEKKEKKKKEEKEEKKEEEKKKEK,-1.5828085376768215,random,648
rand_5705,EEKKKKEEKKEKEKEKEEKKKEEEEEEKEKKKEEKKEEEKKEEKKKKKKEKKKEKEEEEKKKEEEE,-1.581498100775671,random,649
rand_164,KEEEKKEEKEKKKKKKEEEEKEEEEEKEEKKKKKEKKEKEEEKEEKEEEKKKEKEKKEKEKKKKEE,-1.5796674318941522,random,650
rand_95,EKEKEEKKKKKKEEEKEKKEKKEEKEEEKEKEKKEKEEEKKEKEEEKEEEEKEKKKEEEKKKKKEK,-1.5773947775310089,random,651
rand_584,EEEEKEKKKKEEKKEKKKEKEKEEEEKEEEKEKEEKKKEEEKEKKKKEEKEKEEKKKEKKEKKEEK,-1.5765088790460875,random,652
rand_6972,EEKKKEKEEEKKKEKEKKKKEKKKKEEEKEEEKEEEEKKEKKEKKEKEKEEKKEEEEKKEKEKKEE,-1.5748459152389327,random,653
rand_3992,KKEEEKEKEEKKKKKEKEEEEEKKEKKEEEEEKEEKKKKKKEEKKEKKEKEEKKEKKKKEEKEEEE,-1.5733615762545448,random,654
rand_3440,EKKEKEEEKKEEKEEEKKKKKKEKKEKEKEEKEKKKEKEKKEEKEKEEEEEKEEEKKKKKKEEEKE,-1.572066204101905,random,655
rand_6352,KEEKKEEKEKEKEEEEKEKEEKEKKKKEKEKKKKKEEKEKEKKEEEKKKEKKEEEEEEEKKEKEKK,-1.5709615391580791,random,656
rand_6783,KKEKKEKEKEKEKEEEEEEKKEEKEKKKKKKKEEKEKEEKKKEEEEKEKKKEEKKKEEKEKKEEEE,-1.5696621028189544,random,657
rand_1985,EEEKKEKKEEEKKEKEEEKKKKKKEKEKKEEEKKEKEKEEKKKEEEEEEEKEEKKEKKKKEKKKEE,-1.5681606197375655,random,658
rand_2992,KKEKKKKEKEEEEEKKKKEKKEKEEEKEKKKEEEEKEEKKEEEKKEEEKEKEKKKKEEKEEEKKEK,-1.566271766846926,random,659
rand_8066,KEEEKKKKKKEEKEKEEEKEKKKKKEEKKEEEEEKEKEKKEKEKEEEKKEEEEEKKEEKKEKKKEK,-1.5647780267099485,random,660
rand_4112,KKEKEKKEEKKKEEKEKEKEEKKKEEEEEEEEEKKKKEKEKKEEKEEKEKKEEKKEKEEEKKKEKK,-1.563307489279668,random,661
rand_8229,EKEKKKEKKEKEKKEEEEEEKKEKEKKEKEKKKEKEKKEEEEKEEEEKEKEEKEKEEKKKKKEKEK,-1.5610149144498013,random,662
rand_5908,EKKEKKEEEKKEEKKKKEKKKKEEEEEKEKEEKEEEEEEKKKEKKKEKEKKEKEKKEEKEEEKEKK,-1.559685610365833,random,663
rand_6769,KKKKEEEKKEEEEKEKEKEKEEEKEEKEEKKEKKEEKEKEKEKEKEKKKEEKKEKEKKKKEKEKEE,-1.5586392648296614,random,664
rand_4788,KKEEEEKKKEEKEKEEKKEEEEEKEEKEKKKEKKKEEKKKEKKEEKEKKKKEEEKKKEEEEEKKEK,-1.556498096774556,random,665
rand_3071,EEKKKKKEEEKKEEEEKEKEKEKEKEKEKEKEKEKEKEEKEKKKKEKEEEEKEEEEKEKKEKKKKK,-1.554455027199501,random,666
rand_9765,KEEKEEKKKEEKKEEEEKKEKKEKKKKEKKKEEEEKKKKEKEEEEEEEKEKKKEKKEEEEEKKKKE,-1.5524466297975992,random,667
rand_5628,KEKKEKKEEEKKEKKEEEKEEEKEKEKEEKEEEKEKEKKKKKKEEKKEKEEKKKKEKEKKEEEEEK,-1.5506745975591472,random,668
rand_7731,EEEKKEKEKKEEEKEKEKEEKKEKKKEEEKEEKKKKKEKEEKKEEKKEKEKKKEEKKKKKEEEEEE,-1.5491256327366059,random,669
rand_836,EEKEEKEKKKKKKKKEEEKEEEKKKKKEEEKEEKEEKKKEEEKKKKEKEEEKKEEKEKKEKEEKEE,-1.5472824866542285,random,670
rand_2085,KEKEEKEKKKEEKKEEEKKKEKEEEEKEKEEEKEKEKEEKEEKKEKKEKEKKEKKKKKEEEKKEKE,-1.545730446008549,random,671
rand_3104,KKEKEEEKEKKEEKEEEKEEKEKKEKEKKKEEEKKKKEEEEKKEEEEKEKEKEKEKKEKKEKEKKK,-1.5445736537765917,random,672
rand_8721,EEEKKEEEKKKEEKKKKKEKEEEEKKKEEKEKEEKEEKKEEEEKEKKEKEKEEKKKKKKKEEEKKE,-1.543098052617426,random,673
rand_3725,KKEKKKKKEEEKEKEKEEEKKKEEEKEEEKKKKKEEEEEEKKEEKKEKEEKEKKEKEEKEEKKKKE,-1.542151016475225,random,674
rand_9786,KEKEKEEKEEKEEEEKKEKEEEKEKKKEKEKEKKEKEEKKKEKEKEKEEKKEEKEKKKKKEEEKKE,-1.5382910568645527,random,675
rand_4434,EEEEEEKEKKKKKEKKEKKKEKKEEEKEEKKEKEEKKEEKEKKEEEEKEKEKKEKKEKEEEKKKKE,-1.5369916106072081,random,676
rand_9142,KKKKEKEEKKKEEEKEEKEKEEKEEEKEKKEKKKKKKEKEEEEEKEKKEKKEEEEEKKKEEKKEKE,-1.5360144529366224,random,677
rand_941,EEEEKEKEKKEKKEKKEEKEKKEEKEKKEKEKEKEKKKEEKKEKKEKKKEKKEEEEKEEEEKKEEK,-1.5344044313242102,random,678
rand_1915,EEKEEEEKEKEKKEKEKKKKKKEEEKKEEKKKKEKEKEEKEKEEEKKKEKKEEEKKEEEEKEKKEK,-1.5334414258280873,random,679
rand_3315,EEEKKKKEEKKEEKKKKKKEEKEKEKEEKEEEEEKKEKEKEKEKKEEEEEKKEKEKEKEKEKEKKK,-1.5321259970228347,random,680
rand_8170,EEKKKEEKEEKKEKKEEEEEKEEKEEKKEKKKEEKEEKKEKKKEKEKKKKEKEEEKEKEEKKKEKE,-1.5307977983310408,random,681
rand_2901,KKEEEEKKEKKKEKEKEKKEEKEEEKEKEKKEEKEKKKKKKEEEEKKKKKEEEKKEEEKEEEEKEK,-1.5294796299303095,random,682
rand_232,EEKKKKEKEEEKKEKEEKKEEKEEKKKKKEEEKKKKEEEEEKKKEKEEKKKKKEKKEEKEEKEEEE,-1.5275271924234928,random,683
rand_6690,KKKEEEEKKKKEKKEEEEKEEKEKEEEKKKEKEKEEEEKKEKEKEEEKKKEKEEEKKKKEKKKKEE,-1.5255855801541058,random,684
rand_700,EKKKEKEEKKKEKKKKKEEEEEEKEEKEKKEEKKKEKEEKEKEKKEEEEEKEKKEKEKEEEKKKKE,-1.524055856750189,random,685
rand_9492,EEKEEEKKKEKKEKEEKEEEKEKEEEKKKKKKEKKEEKEEEKEEEKKKEKKKEEKKEKKKEKEEEK,-1.5229739967045701,random,686
rand_2182,EKKKEEEEKEKEEKKKEEEEKKKKEEKKEEKKEKKKKEKKKEKEKEEKEEKEKKEEEKEEKEKEEK,-1.5213777021494814,random,687
rand_7279,KEEEKEKKEEKEKEKEKEKEEEKKKKKKKEEEKKKKEEEKKEKKKEKEEEKEKEEEKEKKKKEEEE,-1.5185621394775657,random,688
rand_9390,EKEKEKKEEEKEEEKKEKKEEEKKEKEKKKKEEKKKEKEKKEEKEEKEEEKEEEEKEKKEKKKKKE,-1.5167603706800858,random,689
rand_8243,EEKKEEEKKEKKKEEEEEKEKEKEKKKKKEKKEEKKKKEKEKEKEEEEKEKEEKEEEKKKEEKKEK,-1.5154568997222682,random,690
rand_1781,KEEKKKEKEEEKKEEKKEEKKKEKEKEKKKEEKEKKKKKEEEKEEEKKEEKEKKEEEEEKEKKEKE,-1.513041273838345,random,691
rand_696,EKEEKEKKEKEEKKEKKKEKEEEKEEEEKKEKEEEKEKEKKEEEKKKKEKEEKKKKEKKEEKKEKE,-1.5119793862852713,random,692
rand_4969,KKKEKEEKEKKEKEKKEEEEEKEEEEKKKKEEEKEKKEEEEKKKKKEEEEKKKEEKKEKEKEKKKE,-1.5103436187179626,random,693
rand_8828,KKKEKEKKKEEKEEEKKKEEEEKKKEKKKEKKEEEKEEEKEEEKKKEEEKEKKEKEEKEKEKKKEE,-1.5088493410916273,random,694
rand_4760,KEEKKKEEKEEEKEKKEKEEKKKKKKEKKEEEKEKKEKEKEEKKKEEEEEEEKEKEKKEEKKEKEK,-1.5072070514868412,random,695
rand_190,KEKKEKEKEEKKEEKKKEEKEEEKEKKEKEKEKKKKEKEKEKKKEEEEEEEEKKKKKKEEKKEEEE,-1.505908027033181,random,696
rand_8323,EEKEEKKEKKEEEKKEEEEKKKEKKEKKEKKKKEKEEKEKEKEEKEEKKKEEKKKKEEKKKEEEEE,-1.5038532695596665,random,697
rand_178,KKEKKEEEEEEKKKKEKKKEEEKKKKEEKKEEEKEEEKEKKKEEEEKEEEEKKEKKKEKKKEEKEK,-1.501331980219993,random,698
rand_1460,EEKKEKKEKEKEKEKKEEKEEKKKKEKKKEKKEEEKKKEEEKEEKEKEKKEEEEEKEKKEKEKEEK,-1.4995873762572245,random,699
rand_5853,KKKEKEKKKKEEKEEKKEEEKEKKEEEKEEKKKKEEKEEEEKEEKKKKEKKEEEKKEKEEKEKEKE,-1.4981945226282163,random,700
rand_3336,EKKEEEKEKEEEEKKEEKKKEEKKKKKKKEEEEEKKKEKEEKKEKEKKKKEEKEEKKEEEKKEKEE,-1.496401609191654,random,701
rand_1143,KKKKEEKKEEEEKEEEKEEEKKEEKEKEKKEKKKEEEEKEKKKEEKEKKEKEEKKEKKKEEKKEKE,-1.4949435960731619,random,702
rand_3454,KEKEKEKEEKEKKKEEKEEEKKEEEEKKKKKEEEEEKEKKEEKKKEEKEEKEEKEKKEEKKEKKKK,-1.4936772850163218,random,703
rand_6120,KEEEKKEEKKEEEEKEKEKEEKEKKKKKEKKEKEKEEEKEKKKEKKEKEEKKEKKKKEEEEKEEKE,-1.4922383588106398,random,704
rand_2173,KEKEKKKKEEEEEEKKKKEEEKKKKEEKKEEEKEKEEKKKEEKEEEEKEEEEKKKKKEEKKEKEKK,-1.4900905791833767,random,705
rand_445,EEEEKKEKEKEKEKEEEKKKKKKEEEEKEKEEEKKKKEKKEKKEKKEEKKKEKEEEEEKEKKKEEK,-1.4886395832982575,random,706
rand_9002,EEKKEKEEKEEKKEEKKKEKKKEKEEEEKKKKEKEEEEKEKEEKEEEKEKEKKKEKEKKKKKKEEE,-1.4872043248691984,random,707
rand_5363,EKKEKKEEKEEEEKEKEKKKKKKKKEEEKEEEEEEEKKKKKKEEKEEEKKEKKKEKEKEEKEEKKE,-1.4863869221768005,random,708
rand_5015,EEKEEEKEEKEKKKKKEKKKEEEEKKEEEKKKEEEKKEKEEEEKKKEKEEKEKKKEKEEKKKEEKK,-1.4833105762295857,random,709
rand_1084,EEEKEEEKKKKEKEEKKKEKEKKEKEKKKKEEKEKEEKEKEKEKKKEEEKKKEEKKEKEEKEEKEE,-1.4820772371027608,random,710
rand_443,EEEEKKKKEKEKKKKEEEKKKKEKEEKKEEEEEKEKKEKKKKEEEEEKEEKEEKEKKKKKEEKEEK,-1.4792842011641725,random,711
rand_3233,KKEEKEEEEEEKKKKEKEKKEKKKKKEEEKKEKEKKEEEEEKEKEEEKKKKKEEKKEEEKKKEEEK,-1.4774274929770432,random,712
rand_1027,EEEKEKKKEEEKKEEEKEEEKKKEKKEKEKKKEKKKEKEKEEEKKKEEKEEEKKKKKEEKKEEEKE,-1.4761745913102087,random,713
rand_7196,KEKKEEEKKKKKEEKKEEEKEKEEKKKKKEEKEKKEKEEKEKKEEEKKEKEEEEKKEKKEEEKEKE,-1.4742871103468902,random,714
rand_1769,KKKKKEEKKEEKKEKEEEEKEKKEEKEEKKEEEEKKEEKKKEEEKEKKKEKKKEEKKEEEEKKEKE,-1.4727737310713436,random,715
rand_5570,EEKEKKEKEKEEKEKKKEEKEEKKEEEEEKKEEKKKEKEEEKKEKEKEKEKEEKKKKKEKKEKKEE,-1.4701146045243327,random,716
rand_9981,KEKEKEKKEKKEKKKKEEKEEKEEEEEKEKKEKEEKKKKEEEKKEEEEEEKKKEKKKEEKKEKEKE,-1.4688053739607383,random,717
rand_9308,EKKEKEEKKKEEKEKEKKEEKKEEEEEKEEKKEEEEKKKEKEKKEKEKKEEEEKKKEKKKEKEKKE,-1.4660687961233059,random,718
rand_1554,EEKKKEEKEEEKEKEKEEKKEKKEEKKKEEEEEKEEKKKEKEKEKKKEKEKKEKEKEKKKKEEKEE,-1.4648616233730591,random,719
rand_6722,KEEEEEEKEKKEEKEKKKEKKKEKKEKEEEKKKEEKKEKEKEKEKEEEKKKEKKEEKKEKKKEEEE,-1.4639384510496,random,720
rand_4772,EKKKKKKEKKEEEEEEKEKKEEEEEKEKKEKKKKEEKKEEKEEEKKKEEEKKEEKEKKEKEKKEEK,-1.461336248891745,random,721
rand_4233,KKEKEKEEKEKKKEKEEEKEEEKKEKKEKEEEKKKEEEEEEKEKKEKKEKEEKEKEEKKKKEKKEK,-1.4590223412892565,random,722
rand_8513,EKEEEKKKKKEEKEKEKEEKKEEEKKEEKKEKKKKEEKEKEKEKKEKEKKKKEEEKKEKEEEKEEE,-1.4571595240879807,random,723
rand_1006,EEKEKKEEKKEKKKEEEEKEKEKKKKEEEEKKKEEKKKKEKKEKKEEKKEEEKKEKKEEEEKEEKE,-1.4557104991884264,random,724
rand_4908,EEKEKEEKKKKKKEKEEKKKKEEEEEEEEEKKKEKKEKKEEKKKEEEKEKEEKKEKEKKKEKKEEE,-1.4543556984232484,random,725
rand_5930,KEEEKKKKEKEKEEEKEEKKKKKKKEKEKEEKEEEKKEEEKEEEEKEKEKKKEKEKEKEKKEEKEK,-1.4528538470864136,random,726
rand_4006,EEEKKKKEEEEKEEKKEEKKEEKEKKKEEEKKEKKEKKKKEEKKEEKKEKEEKKKKEKEEKEEEKE,-1.450869783185595,random,727
rand_1187,EKEKEEEEKKKKEKKKKEKKEKEKEEKEEEEKKKKEEKKKEKEKEEEEEEKKKEEKKEKEKKEEEK,-1.4495071395742678,random,728
rand_2001,EEEKEKEKKEEKEKEKEKEEEEKKKKEEKKKKKKEEKKEEKEKKEEEKEEEKKEEKEKKKEEKKKE,-1.4482754565133256,random,729
rand_9363,EKKKKEEEKKEEKEEEEKKKEKEEEKKEEKEEKEEKKEEEKKKKKKEEEKEKKEKEEKEKEKKKEK,-1.4471422913910106,random,730
rand_2598,KKKKEEKKEKEKEEKEKEKEKEEKEKEEEEKEKKEEEKKEKEKKEEEEKEKKEKKKKKEKEEKEKE,-1.4451018055994767,random,731
rand_1369,KEEKKKEEKEKEKEKEEKEEEEKKEKKEEKEKEKKKEKKEKEEEEEKEKEKEKEKKEEEKEKKKKK,-1.4436382099412288,random,732
rand_4008,EKEKKKEKKKEEKEEKKEKEEKKEEEEEKKEKKKEEEEEEKEEKKKEEKKEKKEEKKKEKKEKEKE,-1.4421257537717893,random,733
rand_8549,KEEEKEKEKEEKEKEKEKEKKEEEEKEKEEKKKKKEEEEKKEKEKKKKEKKEEKEKEKEKKEEEKK,-1.440358082019266,random,734
rand_6299,EEEEKEKKEKEEKEEKKKEKKEEKEKEKKEKKEKKKKEKEEEKKEEKKEEKEKKEEKKKKEEEEKE,-1.4379709787787995,random,735
rand_4677,KEEKKKKEEKKEKKEEKEEKEEEEKKKEKEEEEEKKEKKEKEKEKKEKEKEEEEKKEKEEEKKKKK,-1.4362616585183083,random,736
rand_6418,EKEKKEKKEKKEKEKEEKEKKEEKKEEKKEKKEKKEEEKKKKEEKEEKEEKEEEEKEKEKKEEEKK,-1.4351944210642387,random,737
rand_1478,KKKEEEEKEKKKEKEKEEKEEEKEKEKEKKEKEKEKKKKEKKKKEEEKEEKEEEKEKEKKKKEEEE,-1.4340074577502553,random,738
rand_5838,EKEEKEKEEKKKEEEEKEKKKKKKEEEEKEEEEEKKEKKKKKEKEKEKKKEEEKEKEKKEKEEKKE,-1.432067070620368,random,739
rand_7172,KKKKEEKEEKEKKKEEKEKEKEKKEEEEEEEKKKEEKEEKEKKKKKEEKKKEKEKEKEEEKEKEKE,-1.4299280373316203,random,740
rand_3142,KKEKEEEEKEKEEKKKEEKKEEEKEKKEKKKEEEKKKKKEEEEEEEKKEEEKKKKKEEEEKKEKKK,-1.4281425163347756,random,741
rand_3302,KEEKEEKEEEKEEKKEKEKKEKKEEKKKKKEEKKEEKKEEEEEEKEKKKKKEKEEEKKKEEEKEKK,-1.426670488553049,random,742
rand_1937,EKKEEKEKKKKKEEEEKKKKKKEKEEEEEEKKKEKEEEEKEKEEKKKEEKKKEKEKEEKEKEKEEK,-1.4244215720315871,random,743
rand_2966,EEKKKEKEKKKKEKEKEEKEEEKKEKKEEKEEKEEEEEKKKKEEEEKKKEEKEKKEEKKKKEKKEE,-1.421839444435398,random,744
rand_2170,KKEEKKKEKKKEEKKEEEKKEEEKEEKEKEKKEEKEKKEKEKEKKKEEKKKEEKEKEKEEEEKEKE,-1.4199603178102764,random,745
rand_544,KEEEKKKKEKEEEKKEKKEKKKKKEEEEEEKEKEEKKEKKKEEEEEKKEEKEKEEEKKEKKEKEKK,-1.4181863071320084,random,746
rand_4933,EEEKEKEKKKKKEKEEEKKEKEEEEKEEKEEKKEKEKKKEEEEKKEKEKKKEKEKKEEKKEKEKEK,-1.4168045917019016,random,747
rand_2583,EKEKKKEEKEEEKKKEKKKEEKKKKEKEEEEKKEKKEKEKEKKEEEKEEEKEEKKEKKKEKEKEEE,-1.414898702412502,random,748
rand_6793,KEEEEKEEEKEKKKKEKEKEEEKEKEKEEKKKKEKEKKKEKEEEKKKEKEEKKEEKEEEKKKKKEE,-1.4132665233309054,random,749
rand_8711,EEEEEKKKKKEKEKKEEKEEEEKEKEKEKKEEEKKKKEEKKEEKEKEKKKEKEKKKEKEEKEEKKE,-1.411422407991484,random,750
rand_8368,EKKEKKEEEEKEEKEKEKKKEKEEKEKKKEKEEEEEEEKKKKKKEKKEEKKKEKKEEEKKKEEEKE,-1.410239194715348,random,751
rand_813,KEKKKEEEEKEKKEKKKEKEEKKEEKEEEKKEEKEKEEEKKKEEKEEEEKEEKKKKKKEKEEKKEK,-1.4081866649454857,random,752
rand_2097,EKEEEKEKEEEKKKKEKEKKEKEKEKKKEEEKKKKKEEEKEKEEKKKEKKEKEEKEKKEEKEEEKE,-1.406603226835216,random,753
rand_8217,KEKKEEEKKKEKEKEKKKEEEKKEEKEKEEEEKEEEEKKKKEKKKKEKEKKKEEKEEKEEEKKEKE,-1.4048506360001172,random,754
rand_6814,EEKEEKKKKKEEKEKEKKEEEEEKKEEEKEEKKEEKKEEKKKEKEKEKKEEKKKKEEKKEEEKKKE,-1.4029874682003756,random,755
rand_2703,KEKEKEEKEKKEKKKKEKEEKEKKKEKEKEEEKEEKEEKKEKKKEKEEKEEEKEEEKEKKEEKEKK,-1.4015917527195945,random,756
rand_2629,KEEKKKKKKEEKKEEEEEEEKEKKEKKEKEEKKKEKEEEKKEKEEKKKEKKEKEEKKEKEKKEEEE,-1.3996980038582918,random,757
rand_607,KEKKEEEEKEKKKEEKKEEEEKEKEEKEEKEEKEKKKKEKEKKEKEKKEEKEEKKKEKKEEEKEKK,-1.398778489347159,random,758
rand_4480,KKEKEEKEEEKEKKEKEKKEKEKKKEEEEKKKKEEEEEKEKEKEEEEEKKKKKKKEKEKKEEEEKK,-1.3972534987320553,random,759
rand_6713,KEKEEKEEEKEKKEEEEKEKEKEKKKEEKKKKKEEEKEKEKEEKKKEKKEEEKKEEEEKKKKKEEK,-1.395174599779255,random,760
rand_4884,EKEKEKEEEKEKEEKKKEKKKEEEKKKKKEKEEKKEEEEEEKKKKKKEEKEEKEKKEKKKEKEEEE,-1.3937154511407477,random,761
rand_9609,EEKKEKKKEKKKEEEEKKEEEEKEKKKKEEEKEEKEKKEEEEKEEKKEKEKEKKEKKKEKEEEKKK,-1.3914610297443946,random,762
rand_1904,KKKKKEEKEKEKEKEKEEEKKEKEKEKEKEEKKKEKEEEKKEKEEKKKEKEEEKEEKKEKKEEEEK,-1.3905948971913584,random,763
rand_4085,KKKKEEKKEKEKKEEEEEEEKEKEKKKKEEEKKKEEEEKKKEKKKEKEEEKEEEKKEKKEKKEKEE,-1.3892624901190498,random,764
rand_8835,KKEEEEKKEKKKEKEEEKEKKKEEEEEKEEKKKEEKEKKEEEKKEEKKEKEKEEEKEKKKEKEKKK,-1.3879703737298896,random,765
rand_2014,EEKKEEEEKKEKEKKKEEKKEEEKEKEKEEEKKEKKEEKKKEEEKEEKEKKKKKEKKEKEEKEKEK,-1.3861593689763496,random,766
rand_3162,KEEKEEKEKKEKKEKKEKKKEKEKEKEEKEEKKEEKKEKEEEEKEEEEKKKEKEKEEKEKEKKKKE,-1.3850038050165467,random,767
rand_4228,EEKKEKKEKKEEEKKKEEEEEKKEEKKEEKKKEEKKEKEKKKEEEEEKKEEKEEEKEKEKKEKKKK,-1.3829654812814143,random,768
rand_4819,EKEKKEKEKEKEEEKKKEKKKKEEEEKKKEEEKKKKKEEEEEKEEEKEKEEEKKKKKKKEEEKEEK,-1.3812730239029483,random,769
rand_4826,EEEEKEKEKKKKKEKEEEKKEKEKEKKEKEEKKKEKKEEKKEKKEKKEEKEEKEKEKEEEKEEKEK,-1.379390004437525,random,770
rand_5278,KKEKEKEKKKEEEKEEKKKEEEKKEEKEKKEKKEKEEKKKKKEEEEEKKKKEEEKKEEEKEEKEEK,-1.3775725318880898,random,771
rand_3049,KEKEEEEKKKEKEKKKEEKKKKEEEEKKKKEEEKEKKKEKEEKEKKEKKEKEEEKEEEKEKEEKEK,-1.3767876513205581,random,772
rand_1693,KKKKEEEKEKKEEEEEEKKEEEKKEKKEEKKKEKKKEEEKEKKEKKKKEEEKEKEKEEEEKEKKEK,-1.3743748007700651,random,773
rand_841,KEKEKEEKKKEEEKKKEEKEEEKEEKEKKKEEKKKEKKKKEEEKKKKKEEEKEEEKEKEEKEKKEE,-1.371710385816857,random,774
rand_3208,KEKEEEKEKKKKEKKKKKEEEEKEEKEEKEKEEKEKEKKEEEEEKKKEKKEEEKKEKKKEEKEKEK,-1.369792132753684,random,775
rand_7751,KKKEKEEKKKEEEEEKKKEKEEEKEKKEKKEKEEEEEEKKEKEKEEKEKKEKKKKKEEEKKKEEKE,-1.3683026643693326,random,776
rand_4750,KKEKKKKEEKKEEEEKEKKKEEKKEEEKEEKEEKKKEKEEEEKEEKKKEKEKEEEKKEKKEEKKKE,-1.3670757800558855,random,777
rand_4511,EEEKKEEKEKEKEKKKKEKKEKEEKKEEEKEEEKKEEKKEEKKKEKEEEEKEKKEEKEKEKEKKKK,-1.3656475944882502,random,778
rand_6324,KKEEKEEKKKKKEEEEKKKEKEEEKEEKEEEKEKEEEKKKEKEKEEKKKKKEEKEKEEKKKEKKEE,-1.3647361993056428,random,779
rand_3977,EKEEEEKEKKKEKEKEEEKEEEKKKKEKEKKKKEEEKEKKEEEKEEKKEKKKEKKEEEKKEEKKEK,-1.363648248673842,random,780
rand_8982,KKKEKKEKEKEKEEKKEEKKEKEEEKKKEEKEEKEKEEKEEEEKKKEEKKKKKEEKEKEEEKKEEK,-1.3608401294088919,random,781
rand_9300,KKEEEKEKKKKEKEKEKEKKKEEEEEKEKEKKKEKEEEKEKEEEKEEKEKEEKEKKKEKKEEKEKK,-1.358625283836296,random,782
rand_2335,KEEKKEEKKEKEKKEKKKKEEKKEKEKEEEEEKEKKEEKEKEKKKEEKKKEEKEKKEEEEKEKEEK,-1.3572371095613214,random,783
rand_7080,KKEEKKEEEKKKKEEEEKKKEKEEEEEEKKEEKKKKEEKKKKEKEKEKEEKEEEEKEKEEKKKKKE,-1.3556109035187678,random,784
rand_3944,EEKEKEEKKEEKKKKKEKEKEEEKKEEEKEEEKKKKKKKEEEKKKKKEEEEKEKEEKEEKEKKEKE,-1.3527026849523998,random,785
rand_2407,EEKEKEKEKKEEEKKKKKEEKKKKEEEKKEEKEKEKKKEEKKKEEKEEKEKEKEKEKKEEEKKEEE,-1.3513210875469044,random,786
rand_2252,EEKEKKEKKKKKKEEKEKEEKEEKEKEKEKKEEKKEEEEKEKEEEKEKKKKEKKEEKKKEEEKKEE,-1.3473579832835605,random,787
rand_9401,KEKKKKKEEEEKEEEEEKKEKKEKKEEKEKEKKKKKKEEEEKKEEKKEEKEKEEKEEKEKKEKEKE,-1.3452229360099837,random,788
rand_475,EKKEKEKKEEKEKEKEKKEEEEKKEKEKKEKKEEEKEEEKEEKEEEKKKKKEKKEEEEKEKKKKKE,-1.343496251747989,random,789
rand_6956,EEKEEEKKKKKEKEKKEEKKEEKEKEKKKKEEEKKKEKEEEKEEKEEKKEKKKKEEEEEEEKKKKE,-1.341952330559529,random,790
rand_7079,EEKEEKKEEKEEEEKKKKKEEEKKKEEKKEKKEKEKKKEEEEEKKEEKEKEKKKKEEKEKKEKKEE,-1.3406373470131625,random,791
rand_7626,KEEEEEKKEEEKKKKKKEEKEKEKEKKEEKKKEKEKKEKEKKEEEEEEKKEKKEKEEEKEEKKKEK,-1.3393266087227138,random,792
rand_8056,KEEKEEKKEEKEKKEKEEKEKEKEKEEKEKEKEEKEEEKKEEKKKKEKEKEKEKKEEEKKEKKKEK,-1.337135324878208,random,793
rand_2517,EKKEEKKKKEEEKKEKKEEKEEEKKEKKKKKEEEEEKEKEEEKEKEKKEKEEKEKEEEKEKEKKKK,-1.335739949402473,random,794
rand_8849,EKKKEKEEKKEKEKKKKEKEEKEKEEEEEKEEKKKEKKEEEKEEKEKEKEEKKEEKKKEKKKEKEE,-1.3338647322877881,random,795
rand_848,EKKEEKKEKKKEEEEEEEKKEEKEEKKEKEKKKEKEKKEKKEKKEEKKEKKEEKEKEKEEKEEKKE,-1.332877099701925,random,796
rand_64,KKEKKEEKEEEEKEKEKEKKKKKEKEEKEEKKKEEEEEEKKKEEKEEEKKKEKKEEKEEEKKEKKK,-1.3317255393403822,random,797
rand_9497,EEEKKKEKEKEEKKEEEKKKEKEEEKKKKEEKEEEKKKKKKEKEKKEKEEEKKKEEKKEEEEEKKE,-1.3290669819553,random,798
rand_8561,KKEEKEEEKKKKEEEKEEEKKKKEEKKEKKKKEKEEKEEKEKKEEEKKKEKKKEEEKEKKEEKEEE,-1.3273102112275845,random,799
rand_3533,KEEKEKKEEKKKEEKEEEEKKKEKEKKEKKEEKEEKEEKEEEEKEKKKEKEKEEKKKKKKKEEEEK,-1.3255497284088233,random,800
rand_4336,KEKEEKKEKKKKEKEEEKKKKEEEKEEKEEKKEKEKKEKEKKEEEKKKEEKKEKEKEKEEEKEKEE,-1.3235218663715271,random,801
rand_7621,KEEEKEKEKEEKKKKKKEEKKKEEKKEKEKEEEEKEEKEEEKEKKKKEEKEKKKEEKEEEKKKEEK,-1.32191508640777,random,802
rand_9848,KKKKEKEEEKEKEKKEKKEKKEKEKEKEEKEEKEKEKEKEEEKEEKKEKEKEKKEKEEKEKKEEEK,-1.3197711441045747,random,803
rand_6739,EKKEEKEKEEEEKKKEKKEKEKEEKKEKEKEKEEKKKKEKEEKKKKEKEKEEKKEKKEEKEEEEKE,-1.3174788661155319,random,804
rand_7045,KEEKEEKEKEEKKEKKEKKKKEEKEKKKEKKEEEKEKKEEEEEEEKKKKEKEEKKEKKEEKKEEKE,-1.3144838251429058,random,805
rand_1531,KEKKEEKEKEEKEEKEKEKKKEKKKKEKKEEEEKKEEKEKKEKKEEEEKKEEEEKKKEKKKKEEEE,-1.3131415476038772,random,806
rand_874,KEKKEKKEKEKEKKKEKEEEEEKEEEEKKEKKEKEKKKEEKKKEEKEKEEKKEKEKKEEEEEKKEK,-1.3105606595724224,random,807
rand_4089,EEEKKKEEKEEEKKKKKEKEEKEEKKKKKEEEKEKKEEKKKEEKKKKEEKEEEKKEKEEKEKKEEE,-1.309011510598384,random,808
rand_9666,KEKKEKEEEKKEEKEEKEEKKKKEEEKKKKEKKEEKEKEEEKEKEEKEKKEEEKEEEKEKKEKKKK,-1.3068207020598999,random,809
rand_545,EKKKEKEKEEKKEKEEEEKKKKKKEKEEEKKEKKEKKEKEEEKKEKEEKEEKEKEKEEKKKEEKEE,-1.3037103252933813,random,810
rand_4164,KEEEKEKKEKKEEEKEKKEEKEEKEEKEKKKEEKKEKKKKEKKKEKEEEEEEKKKEEKEEEKKKKE,-1.3020118253554638,random,811
rand_5790,EEKKKEEKEKKEKKKEEKEEEKKKEEEKEEKKKEEKEKEEKKEKKEKKKKKEEEKEKKKEEKEEEE,-1.3004438419802733,random,812
rand_5181,EKKEEKKEKEEKKKKEKKKEKEKEEEKEEEKKEKKKEKEEEKEKEKEEEEKEKKEKEEKKKEKEEK,-1.2994933162982176,random,813
rand_7388,KEEKKEEKKEEEKKKKEKKEEEEKEEEEEKKKKEKEEEKKKEEKKKEEKKEEEKKEEKEEKKEKKK,-1.2983118464095977,random,814
rand_3679,EEKEEKEEKEKKEEKEEKEKKKKKEKKEEEKEKEEKEKKEEKEKKKKEEKEEEKKKEEEKKEKEKK,-1.2964034483570792,random,815
rand_1396,KEEEEEEKKKEEKEKKEEKEKKKEKKKEKEEKEKKKEKKEEKEEEKKEKKEKEKEEEKEKKKEEKE,-1.294648178587204,random,816
rand_3262,EEKEKKEKKEKEEKEEKEKEEKEKEKEEKKEEEKEKKEEKKKKKKEEEKEKKKEKKEKEKEKEEKE,-1.2933473527374908,random,817
rand_1889,EKKKKKKEEEEEEKEKKKEKKEEKEKEEKKEEKEEEKEKKEKKEKEKEKKKEKKEKEKEEEEKKEE,-1.2920308523515962,random,818
rand_6131,EKEEKKEEKEEKEKEEKKKKEEKKKKKEEEEEEKEEEKKKEKKEEKKEKEEKEKKKKEKEKEEKKE,-1.2908435010279815,random,819
rand_4052,EKEKEEKKEKKEEEKKKKEEEKKEKKKEEKEEEEEKEEKEEKEKKKKKKEKKEEEKEKKEKEEKKE,-1.2889982711973385,random,820
rand_664,KKKKEEEKEKKEEEKKKEKKKEEEEKEEKKEEKKKEKEEEKKKKEEKKEKEEKEKEEKEEKKKEEE,-1.287986127692313,random,821
rand_157,EKKEKEKKKKEKEEEKKKKEEKEEKEEKEEKEEKKEKKEEEKKKKEKKEEEEKKKKEEEKEEKKEE,-1.2861254980223156,random,822
rand_6725,EEEKEKKEEKEKKKEKEKKEKEKEKKEKKKEKKEEKEEEEEKEKEEKKEEKEKEKEKKKEEKKKEE,-1.2849451165230081,random,823
rand_1325,KEKKKEEKKKEEKKKEEEEEKEEEKEKEEKKKKKEEEKEKKKKEEKKEEEEKEKEKEKEEKEKKEK,-1.2832083936374388,random,824
rand_2134,EKKEEEEEKKKEKEKEEKKEKKEEKEEKEKEEKKKEEKEKKKKEKEEEEKEKKEKEKKKKKKEEEE,-1.2817311937418734,random,825
rand_9246,KEEKEKEKEEKEEKKKKEKEEKKEKEKEKEKEKEKEEKEKKKEKKKKKEEKEEEKKEEEEEKEKKE,-1.279206587657222,random,826
rand_493,KKKKEKEEKEKEEKEKKEEEEKKEEKEEKKKEKEKKEKEKKKEEEEKKEKEKEEKKKKKEEEEEKE,-1.277741551529075,random,827
rand_4246,KEKKEKEEKKKEEKEKEKKKKEKEEEEKEEKEEEEKKEKEEKKEKEKEEKKKEKEEKEKEEKKKEK,-1.2757045714905377,random,828
rand_2549,EEKEEEKKKEKKKKEKKEEEKKEKEEEEKKKEKEKEEKEKEEEEKKEKKEKEKKKKKEEKKEEKEE,-1.2739063190684539,random,829
rand_909,EKKEKKEEEEEEEKKKEKKKEKKKKEEKEKEKEKKEEEEEKKKEEKKEKKKEEKEEEKKKEKEEEK,-1.2714985194982082,random,830
rand_2230,EKKEEKKKKEKEEKEKEEKEKEEEKKEEEKKKKEEKEEKKKEEEEEKKEKEKEKEEEKKEKKEKKK,-1.2693809672847598,random,831
rand_8838,EKEKEEKKEKEKEEEEKKKKEKKKEKEKKEKKEKEKKEEEKEEKKKEEEKKEKEEKEKEEKEKEKE,-1.2683885079355828,random,832
rand_2067,EEKKEEEEKKEKKEEKKKKKEKEEKEEKEKKKKEEKKEKEKEKKEEKKEEEKEEKEEEKEKKKEEK,-1.2658497631292427,random,833
rand_6618,EEEKKEKKKKEEKEKEEEEEKKKKEKEEKKKKEKEEEEKEKEEKEEKEKEKKKEKEEKKKEKKKEE,-1.2626707701521522,random,834
rand_7822,KKEEKEEEKKEKKEEKKEEEEKKKEEEKKKKKEKEEKEEEEEKEEKKEKEKKKKEKKEKEEKKEKE,-1.2614193375116607,random,835
rand_7503,KEKEKEKKEKEEEKKKEEKEKEEKEEEKKEEKKKKKKKKEEEKEKEEEKKEKEEEKEEKEEKKEKK,-1.258290012054502,random,836
rand_3485,KKEEKKKEEEEKKEEKEKEKKKKEEKKEKEEKEKKKEKEEEEEKEEEKKEEKKKKKKEEKEKEKEE,-1.2562527011001414,random,837
rand_6637,KKEEEEKEEKEKKKKEEKKEEKKEEEEEEKKKKEKKEKEEEEKKKEKKEKEEEEKKEKEKKKEEKK,-1.2545766618181553,random,838
rand_9918,EEKKEKEKKEEEEKEEKKKKEEKKKEKKEKEEKEKEEKEEEEKKKEKEKEKEEEEKKEKKEKKKEK,-1.252962501839607,random,839
rand_8134,KKKEEEKEEEKKKKKKKEEEEKEKKEKEEEKEKKEKEKKEEEEEKEKKEKEEEKEKKKEEKKKEKE,-1.2510024244975753,random,840
rand_391,EKEEEKKEEKKEEEKKEKKKEKEKEKEKEEKKEEKKKKKEKKEKKEEEEEKKEEEKKEKEKEKKEE,-1.2491120940158957,random,841
rand_8043,EEEEKKEEKEKKKEKEEKKEKKKKKEKEKEEKEEEKKEKEEEKKEKKKEKKEEKEEEKKEEKEKKE,-1.247664740454918,random,842
rand_5904,KEEEKEEEKKEEKKKEKKEEKEEEKKKKEKEEKEKEEKEEKKKKEKKEEEEEKKEKKKEKKKEKEE,-1.2460809080746234,random,843
rand_8357,EEEKEKEEKKEKEEKKKEEKEEEKKEKEKEKEKKKKEKKEEKEKKEKKEEKKEEKEKEEKKEEKEK,-1.2450038553951066,random,844
rand_489,EKKKKEKEKEEKKKEEKKEEEEEKEEEEKKKKEKKEEKKEEKKEEKEKKKKEKEEEKEKKEEKEEK,-1.2431278349217258,random,845
rand_2984,KKKKEKEEEKKEKKEKEKEEKKEEKKEEKEKEKEEKEKEKKEEEKEKEKEKEKKKKEEKEKEEEKE,-1.2414792628307854,random,846
rand_7560,EKKKEKKEKKKEEEEKEKEKEEKEKKKEKEKKEEEEEKKKEEEKEEKEEKEKKEKEEKKEKKEKEK,-1.2401665472761336,random,847
rand_5730,KEEEKKEKKEKEKKEEKEKEEEKEEKKEKEKKKEEEEEEKEKEKEKKKKKEKEKEKKEKEEKEKEK,-1.2383266747262347,random,848
rand_6434,KKKEEKEEEKKKKEKEEEEKKKEKEEEKKEKKKKEKKEEKEKEEEKKEEKEEEKKEEEKEKKEKKE,-1.2359135283036309,random,849
rand_2206,KKEEKEEKKKEKEKEEEEEEKKKEEEKKKKKEEEKEKKEKKEEEEKKKKKKEKEKEEKEEKKEEKE,-1.2342097955503561,random,850
rand_1345,EEEKEKKKEKKKEEEEKEKKEKEEEEKKEKKKKKKKEEEEEKEEKKKKEEKEEKEEKEKEKEKKEK,-1.2330134655316896,random,851
rand_2872,KKEEEKEKEKKEKKKEEEEKEEKEEKKKKEKKEKKKEKEEEEEEEKKKEEKKKKKEEEEKKEKEKE,-1.2311186327971093,random,852
rand_341,EKEEEEKKKKKKKKEEEEEKEEKKEEKKEKEEEKKEKEKEEKEEKKKKKEKEEKKEEEKEKKEKKE,-1.2287742768110674,random,853
rand_5110,KKKEEEKEKEEEKEKKKEKEKEEKEEEKEKEKEKEKEEKKKKEKEKKEEEEKKEEEKEKKEEKKKK,-1.2273608054623568,random,854
rand_3605,KEEEKEKEKKKEKKEKEEEKEKEKEEKKKEEKEEEEKKKEKEEEEKEKKEKEKKEKEKKEEKKKEK,-1.225440300758081,random,855
rand_8302,EKKEEKEKKEEKEKKEKKKKKEKEEEKKKEEEEEEKKEKEEKEKEKKKEKEEEKEKKKEKEEEKEK,-1.224007609223883,random,856
rand_4588,KKEEEKKKKEEEEKEEKEKKEKKKKKEKEEEKKEKKEEEEKEKEKEEEKEEKKEKKKEKKEKEEEK,-1.221854612189773,random,857
rand_7602,EKEKEKEEKKEKKKKKKEEKEEEEEEKKKEEKKKEKKEEKKKEEEKEKEEKEKEKKEEEEKKEKEK,-1.2206516956527942,random,858
rand_4975,KEKKKEKKEKKEEEKEEKKKEKEEKEKEEKEEEKEKKKEEKEEKKEKEEEKKKEEEKEKKEEEKKK,-1.2193538568587934,random,859
rand_4995,KEKKEEKEKKKEEKEEKEEKKKEEEKEEKEKEEKKKEEKKEKKKEKKEEEKEEEEEKKEEKEKKKK,-1.217702445793073,random,860
rand_2368,KKKEEEKEEEKKEEKEKKKEEKEEKKEEKKEEEEKEEKEKKKKKEEEKEKEKEKKEKEEKKEKKKE,-1.2158854095634057,random,861
rand_927,KEEEEKEKKEKEKKEKEEKKEEEEKEKKEEKKKEEKEEKKKKKEEKEEKKEKEEEEKEKKKKKEEK,-1.2148929666670387,random,862
rand_5292,KEKEKEEKEEKEEKKEKKEKEKKEKKKEEKKEKKEEEKEEEEKEEKEEKKKKEEEKKEEKKKEEKK,-1.2129933645280317,random,863
rand_8795,EEEKEEEKEKKKKEKKKEEEKEKEKEEKKKKEEKKEKEEEEKKKEEEKKEEKKKEKEKEEEKKKEK,-1.2118910637140974,random,864
rand_1215,KKKKEKEKKEEEEKEEKKEEKEKEEEKKEKKEKKKEKEEEKKEKKEKEEEKEKKKEKEEKEEEKEK,-1.2105897213618961,random,865
rand_2823,KEKKEKEEEKKEKKKEEEEEEKEEKKKEKEKEKEEKKKEEKEKKEEEEEKKKKEKKEEEKKKEKKE,-1.2086349516377577,random,866
rand_5037,EKEKEEKEEKEEKKEKEKKKEEKKEEEEKEEKKKKEKKEKKKEKEEKKEKKEEEKKEKEEKEEKEK,-1.206990318178757,random,867
rand_5418,KKEEEEKKKEKEEEEEKKEKEEKKKKKEKEEEKKEKKKKEKEEEEKEKEKKKEEEEKEKEEKKEKK,-1.204886765863599,random,868
rand_5510,EKKKEKEEEEEKEKEEKKKEKKEEKKEEKEEKKEEKEKEKKEEEEKKKKEKEEKKKKEKEKKEEEK,-1.203053658284395,random,869
rand_3653,KEEKKEEKKEKEKKKEKKEEEEKEKEKKKKEEKEKEKEEKKKEEEKEEEKEEKKKKKKEEKEEKEE,-1.2005876902119794,random,870
rand_1830,EEKKKEKKKEEEKEKEEKKEKEKKKKEKEEKEEEEKKEKEEKEEEKEEKEKKEKKKEEKEKKEKEK,-1.1993114743162934,random,871
rand_9077,EEKKEKEKEEKEEKKEEKEKKKKKEKEEKKEEEEEKKKKEKEKEEEEEKKKKKKKEEEEKEEKEKK,-1.1976763920289697,random,872
rand_5389,KKEEKKEEEKEEKEKKKKEEEEKEEKEEKKKKKEKEKEEKEKEKEKKKEEKKEKEKKKEKEKEEEE,-1.1958945623135113,random,873
rand_3800,KEKEKEKKEEKEKKEEKEKKEKEKKEEKKKEKKEKEKEEKEEEEKKEEEEKEKEKKKEKKEEKEKE,-1.1943057381548092,random,874
rand_9589,KKEKEKEEKKKKEEEEKEEKKEEEKKKEKKKEKEKEKEKKEKEEKEKEKKEEEEEKKEKKEEEEKK,-1.1924666048564985,random,875
rand_1596,EKEKEKEEEKKEKKKKKKEEKKEEEKKKEEEEEEKKEKEEKKKKEEEKEKEKEKKKEKEEKKEEEK,-1.190914557968584,random,876
rand_7185,EEEKEKKEEEKEKKKEKKEKEKEKKEEKEKKKKKEEKKEEEKEKEKEKEKKEEEEKEKKEKEKKEE,-1.1883327580530894,random,877
rand_6922,EKKEEEKKEEKKEEKKEKKKKEKKEEEEEEEKKEKKEEEKEKKEEEKKEKKKKEEKEKEEKEKEKK,-1.1858814242972366,random,878
rand_3157,EKEKKKKKEEEEEKEKEEEKEEKEKKKKEKEEKKEKKEKEKKEKKEKEEEEEKKEKEKKEEKKEEK,-1.1834310479265775,random,879
rand_3530,EKKEEEKKEEKKKKKEEKEEEKEEKKEEEEKEEKKKKEKEEKKEKKKKEEEKKKEEKEEKKKEEKE,-1.1816923084482331,random,880
rand_6898,KEEEKEKKEKEKEEEKKKKEEKEEKKEKKKEKKEEKEEEKKKEEKEEEKEKEKEEEKEEKKKEKKK,-1.1790758940167678,random,881
rand_7953,KEEKEKEKKEKKEEKKEEEEKKEKEKKEKKKKKEEEEEEKKEKKEKEKEEEKKEEKEEEEKKEKKK,-1.1778922038777244,random,882
rand_7046,EEEKKKEEKEKKEKEEEKEKEKKKKEKKKEKEEEKKEEEEKEKKEEEKKEKEEKEEKKKKKEEKKE,-1.1769826934125784,random,883
rand_8479,KKEEEEEEKEKEKEKKKEKEKEEKEEKKKEEKEKKEKKKEEEKKKKEEKEEEKKEKKEEEKEKKEK,-1.1749789664084396,random,884
rand_1727,EEEKEKKEEKEKKEEEKEKKKEKEKEKEEEKKKEKKEEEEKKEKKEEKKKKKEEEKKKEEEKEEKK,-1.173325305412103,random,885
rand_8497,KEEEEEKKEKKKEKKEEEKKKEEEEKEEKKEKEKKKEKEEKKKEKEEEKKKKEKKEKEEKEKEKEE,-1.171506278801303,random,886
rand_1352,EEKEKKEEKKEKEEEEKKKKEEKEEKEEKKKKEKEEEKEKEKKKEKEEEKKKKKEEKEEEEEKKKK,-1.169221538306743,random,887
rand_976,EKEKEKKKKEKEKEKKEEEEEEEKEKKKKEEEEKKKEEKKEKEKEEKKKEEEEKKKKEKEKKEEKE,-1.1669251568095391,random,888
rand_3183,KKKKEEKEKKEEKKEEEKKKEEKKEEEKEEEKKEKEKKEEEKEEKKEKKEEEEKKEKKEKEKEKKE,-1.166152006146991,random,889
rand_515,KKEEKEKKEKEEEKKKEKKKEKEEEKKEEKKKEEEEKEEEKKKEKKEEEEEKKEEKEKKKEKEKKE,-1.164454828931987,random,890
rand_6856,EKKEKEKKEEKEEKEKEEKKEKEKEKKKEEEKKKKEKKKEKEEKEEEEEEKKEKKEEKEEKKEKKE,-1.1625198961002445,random,891
rand_7858,KKEEEEKEKKEKKEEEKEKKEEKEKKEKKKEKKEEEKEKKKEEKEEKKEEKKKKKEEKEEKEKEEE,-1.1605007061981822,random,892
rand_2959,KEKEEKKKKEKEEEKKKEKEEEEEKKEKKKKEEKEKEEKEKKEEEKEEEKKKKKKEKEEKKEKEEE,-1.1591617383507007,random,893
rand_8948,KKKKEEKEKEEKEEEKEEEKKKEEKEKEEKKKKKKEEKEEKEEKEKEKKKKEEKEKEKEEKEEKKE,-1.1573555317344335,random,894
rand_8424,KEKEKEKEKEEEKKKEKEKKKEEEKKEKEEEEKEEKEEKKKKKKEKEEEKKKEEEKEEEEKKKKEK,-1.1536115084533307,random,895
rand_3904,KEKEKEKKKKEKEKEKEEEKEEEEKEKKEKKEEKEEKEKKKEEKKKKEKEKEEEEKEKKEEKEKKE,-1.150485563701064,random,896
rand_6381,KKEEEKKEEKEEKKEEKEKEEKKEKEEKKKEEKEKEKKKEEKEEEKEKEEEKEKKKEEKKKEKKKE,-1.1485984558381581,random,897
rand_9889,KEEEEKKEEKKEKKKKKEKEEKKEEEEEKEEKKKEKKKEEEEKKKKEEKKKEEKEEKEKEEKKEEK,-1.1467596200273236,random,898
rand_3843,EKEEKKEEKKKKEEEEKKEEEKEKKEKKKEKKKEEKKKEEKKEEEEKKEEKEEKKKKEEKEEEKEK,-1.1434618342601621,random,899
rand_9331,KEEKEKEKEEEKEKKKEKKKKEEEEKEKKKEEEKEKKEEKKKKKEKEEEEKKKEEEEEKEKEKKEK,-1.1415579424001867,random,900
rand_4785,EKEKKKEEEKKEKKEEEEKEEKEKKKEEKEKKKEKEKEEEKEKKEEEEKKKKEKKKEKKKEEEEEK,-1.1388828470413976,random,901
rand_9942,EKEEEKKKEKKKEEKEKKEEKEEEEKEKKKEKEKKEEEEKEEKKKKKEKKEEEEKKKKKEEKEEEK,-1.1365239421742859,random,902
rand_4262,EEKEKKEKEKEEKKEKKEKEEEKKKKEKKEEKKEKEEEEEKEKKEKKKKEEEEKKKKEKKEEKEEE,-1.13467317684824,random,903
rand_2118,EEKKKKEEKEEKKEKEKEEKEKKKEEKEKKEKEEEKKKKKEEEEEEKKKKKEKEKEEKKKEKEEEE,-1.1323027295432946,random,904
rand_4383,KKKEKEKKKEEEEKEEKKKEKEEKEKEEKEEKEEKKEKEKEKEEKKKEEEKKEKKKKEEKEEEEKK,-1.1305325830148327,random,905
rand_3056,KEKKEKEEKKKEKEEEEEKEEEKKKEEKKKKKKEEEKEEKEKKEKEKEEKKEEKKKKEEKEEKKEE,-1.1286775536032678,random,906
rand_7610,EKKEEKKEEEEEKKKKKEEKKEEKKEEKKEKEKEEEEKEKEEKKKKEKEEEKEKEKEEKKKKKEEK,-1.1271111464324974,random,907
rand_1688,EKEKEKKEEKKKEEKEKEKKKKEEEEKKEKEEKEKKEEEEKKEKEKEKEEKKEKEEEEKEEKKKKK,-1.1255330665297398,random,908
rand_4719,KEKEKEEEEKKEEKKKEEEEKKEKEKKEEKEEKKKEKEEKEKKEKKEEKKEEEEKKEKKEKKKKEE,-1.1237618823099933,random,909
rand_9403,EKKEEKEKEKKKEKEKEEEKEKKEEEKEEKEKKKEKKEEKKKKKEKEEKEEEKKEEEEEKKKEKEK,-1.121310150197477,random,910
rand_7276,EKEKEEKKKKEKKEEEEEKKEEKKEEEEKKEKKKEEKEKKKEEEEEKKEKEKKKKKEEEKEKEKEK,-1.1195970584495056,random,911
rand_3779,EKEKEKKEEEKEKKEKEKKKEKEKKEKEEKKEKEKKEEKEEKKEEEEEKKEKKKEEEEEKEKKKKE,-1.1176722846587666,random,912
rand_2726,KEKKKEKEEEKEEKEKEEEKKKKEKKEKEKEKEKKKEKKEEEEKEKEKKEKEEKEEEKKEKEKEKE,-1.1151191983126716,random,913
rand_1528,KKEEEKKEEKKKEEKEKKEEEEKEEEKKKEKEKEKKEEEEKEKEKKEKEKKKKEKEKEKEEEKEKK,-1.113684584126403,random,914
rand_8426,KEKEKKEEEKKKEEKKKKEEKEEEKKKEKEEEKKEKEEKKEEEKKKEEEEKEEKEEKKKKEKKKEE,-1.1111670289265636,random,915
rand_1684,KKKEEKEEEEEKKKKEEKEKKEEEEKKEKEKKKKEKKEEKKEKEKEEKEKKEKEEEEKKEKEEKEK,-1.108491020495978,random,916
rand_4486,EEKKEEEKKKEKEKEKEKEKEKKEKKEEKKEKEKEKKKEEEKKEKEEEEEEEKKKEKEKKEEKKEK,-1.1068496140926183,random,917
rand_7446,EEKKEEKEKEKKEKEKEEEKKKEEEKEKKEEEKEKKEEKEEKKKKEKEKKEEKKKEEKKKEKEEEK,-1.1035830993409321,random,918
rand_3934,KEKKEKKEKEEKKEEKEEKEKKEEKKKEEKEKEKEEEEKEEEKKKKKEKKEKEEEKEKKEEEEKKK,-1.1024340972594975,random,919
rand_7789,EEKEKEEKKKKEKEKKEEEKEKEKKKEKKEKEEKEKKEEEEEKEEKKEKEKEKKKEKEEEEKEKKK,-1.1001635839113881,random,920
rand_6134,KKEEKEEKKEKKKKKEEEKEKEKEEKEEKEEKEKKEKEEEKKEEKKEKKKEKKEKEKEEEKEKKEE,-1.0984866144042231,random,921
rand_9230,KEKKEKEKKKKEEEEKKEEKEEEKKEEKKEKEKEKEEKEKKKKKEEKEKEEKEKEEEKEKKEEEKK,-1.0965462830850805,random,922
rand_4669,KEEEKEKKEKEEKKEEKEKEEKEEKEKKKEEKKEEEKEKKEKKEEEKKKEKEKKKKEEEKKEKKEE,-1.0950203657013384,random,923
rand_170,KKEKEKKEEKEKEKKEEEKEKKKKEEKEEKEEEEEKEKKKEKEKEKEEKEKKEKEEKEEKEKKKEK,-1.0923261137042917,random,924
rand_1218,EEKKKEEEEKEKEKKEKEEKEEKEKKEKKEEEEKKKKEEKKEKEKKEKEEEKKEKEKEKKEEKKKE,-1.0902591141038547,random,925
rand_4073,EEKKKEKEEEKEEEKKKKEKKKEEEEKEKEEKKEEKKKKKEKKEEKEEKKEKEKKEEKEEKEKEKE,-1.0874263627728324,random,926
rand_4698,KKKEEEEKKKEEEEKKEKKEEKKEEKEEEKKKKEEEKEEKKEKEEKEKKKKKEEKKEEEEEKEKKK,-1.0856040203398227,random,927
rand_6098,EEKEEKKKEKEEEKEEKKEKKKEKKKEEEKEEEKEKKKEEKKKKEEKKKEEEKEKEKKEEEKEEKK,-1.083687490374796,random,928
rand_9202,KKEEEEKKKKEEKEKKEEEKEKKEKKEKEEKKEKKKEEKEEKEKEKKEKEEEKKKKEKEKEEKEEE,-1.0818908446758975,random,929
rand_3352,KKKEKEEKEEEKKKEKEKEEKEKKKKEEKEEEKEKEEKKEEKKEEEEKKKEEEEKKKKKEEKEKEK,-1.0802744266908748,random,930
rand_3611,EKKEKKKEEEKEEEEKKEKEEEKKEKKKKKEEKKEKEEEEKEKKKEKEEEKEKEKEKKEEKEKEKK,-1.0773759480918477,random,931
rand_7285,EEKKEKKEEEKKEKKEKKEEEKEKEKEKKEKKKKEKEEEEEEKEKEKKEKKKKEEEKEKKKEEKEE,-1.0749895747179896,random,932
rand_1282,KEEKKEEEEKKKKKKEEKEKKEEEEEEKKKEKKEEKKKEEEKEEEKKKEKKKEEKEEEKEKKEEKK,-1.0725312448425546,random,933
rand_3636,EEKKEEKKEEEEKKKEKEKEEEEKKEKKKKKEEEKKEEEKKKEKEEKKKEEKEKKEKEEEKKEEKK,-1.0707750231664477,random,934
rand_6803,EEKKKEKKKEEEKEEKEEEKKEEKKKKEKKEKKKEEKEEKKEEEKEKEEKEKEKEKEKEEKEKEKK,-1.068206755111309,random,935
rand_8850,EEEEKKEKEKEKEEEKKKKKKEEKEEKKEKEKKEEKEKEKEKKKEKEEEKKKEEKEKKEEEKKEEK,-1.0670096083081744,random,936
rand_7513,EEKKEEKKEKKKKEEEEKKKEKEEKKEKEEKKEEKKEEKEEEKKKEKEKEEEEKEEKKEEKKKKEK,-1.0651115791623549,random,937
rand_4779,EKEKKKKKEKEEEKEEEKEKKEEKKEEKEEKKEEKKKEEEKKEKKKEKEKEEKKEEKKKKEEEEKE,-1.06321150460849,random,938
rand_6271,KKEEEEEEKKKEEKKKKKEEEEEKKKKEEEKEEKKKEEKKEKEKEEKEKEKKEKKEEEEKKKKEKE,-1.0603013808475956,random,939
rand_7315,EKEKKEKEKEKKEKEEKKEEEKEKEKKKEEKEKEEKEKKEEKKKKKKEEKEEEEEEKKEEKEKKEK,-1.0575115138896114,random,940
rand_627,KEKEKEEKEEKKKKEEEKKEKKEKEKEEEEKKKEKKKKEEKKEEKEKEEKEKEEEEKEKEKEKKKE,-1.0555980340357307,random,941
rand_9323,KEEKKEEEKKEKKEEKEEEEKKKEEKKEKKKEKEKEEEEKKKEKKKKEKEEEEEKEKEKEKKEKKE,-1.0520926079289916,random,942
rand_5068,KKKEEEEEKKEKKEEEEKKEEEKKEKKEEKKEKKEKKEEEEKKKEKEEKKEKEEKKKKEKEEEEKK,-1.0495471107356644,random,943
rand_7442,KEKKKEEKKKEEEEKKEEKEKKKEEKEKEKKEEEEKEKKEKKKEEEKEEEKKKKKEKEEKKEEEKE,-1.0474112644968034,random,944
rand_1162,EKKEKEKEKKEKEKKEEKKEKEEEEKEKEEEKKEEEKKEKKEEKKEEKEKKKEEKKEKEEKEKKKE,-1.0431280418982662,random,945
rand_5359,KKEEEEKEKKEKEEKEKEKKEKKKEKEKEEEEKKEEEKKEKEEEKKEKEEKKKEKEKKEKKEKKEE,-1.0415008016075817,random,946
rand_8918,EEEKEKKKEEEKEKEEKEKKEKEKKKKEEEKKEKEKKEEEKKEKEEKKKEEKKKEEKEKEEEEKKK,-1.037774633292771,random,947
rand_7406,EKEKEEEKKEKEKKEEKKKKKEKEEKEKEEKKEEEEKEKKKEKEKEKEEKKEKEEEKEKEEEKKKK,-1.0347943279985783,random,948
rand_3849,EKEKKEEKKEKEEKKKEEEEKEKKKKKEEEEKEEKEKKEKEEEKKEKKEEEEKEKKEKEKKEKKKE,-1.0325289888964588,random,949
rand_7362,EEEKKEKEKKEEKKEKEEEKKEKKKEEKEEKKEEKKEEKKEEKEKEEEKEKEEKKKEKKEKEKEKK,-1.0316596778857408,random,950
rand_990,KEEKEKEKEKKEEKKEKEEKKEKEKEEKEEKEKEKKEKKKKEKEEEKKEKKKEKEKEEKKEEEEKE,-1.0283066393155542,random,951
rand_5018,EEKKKEEKEKKEEKKEEEKEKKEEKEKKKEKKEEKEEEEEKKKEEKEKKKKKEEEKEEEKEKKEKK,-1.0266235207635905,random,952
rand_5991,EKEKKKEEKEEKKEKKKEEEEEKKKKKKEKEEEEKKKEEEKEKEKEEEKKEKKEEEKEKEKKKEEK,-1.0219731499971663,random,953
rand_9371,KKEEEEKEEKKEKKEKEKKKEKEEEKKKEEEKKEEEEKKEKEEKEKEEKKEKEKKEKKEEKEKEKK,-1.019559827716156,random,954
rand_5671,KKEEKEEKKEKEEKKEKEKEEKEEKKKEKKKKEKEKEEEEKKEKKEEEKEKKEEKEEEEKKKKEKE,-1.0174510169854334,random,955
rand_7575,EKEEKEKKKEEEKKKEEEKKKEEEEKEEKKKKKKEEEKKEEKKEKEEKEEEKEEKKKEKKEKEKEK,-1.0137199995933066,random,956
rand_6111,EKKKKEKKEEKEEEKEKKEKKEEKKEEEKEKKEKEEKKKKEKEEEEKEKEEKKKEEKKEEKEKEEK,-1.0105559885595452,random,957
rand_1716,KKKEEEKEEEKKKEKEEKEKEKKEEKEKKEKKKKEEKEEEKEKEKEEEEKKKKEEKKEKKKEEKEE,-1.0042776289196884,random,958
rand_2221,EKKEKKKKEEEKEEEKKEKEEEEKKKKKEEEKKEKEKKEKKEKEEKEKEEKEEEKKKKEEEKEKKE,-0.9999283864818792,random,959
rand_1226,KEEKEEKKKKKEEEEEKEEKKKEKKKEEEKKEEEEKKKKKEEKEKKEEEEKEKKEEKEKEKKEEKK,-0.9970437055582992,random,960
rand_2446,KEEEKEEKKKEKKEKEKKEEKKEKEKEKKEKEEEKKEKEEEEKKKEKKEKKEEEKEKKKKEEEEKE,-0.994729489856201,random,961
rand_8278,KEKEKEKEKEEKKEKEEKEEKKEEEKKKEKEKEEKEEKEKKEKKEEKKKKKKEEKEEKKEEKEEKE,-0.9912533710082279,random,962
rand_4845,EKKEKKEKKKEEEKKEEKEKKEKKEEKEEEEKEKKEEKEKKEKEEEEKKEKKKEKEKEKEEKEKKE,-0.9887238287060054,random,963
rand_6479,KEKKKEEEKEEKKEEEKEKKKKEKEEEEKEKKKKEKEEEEKKKEEKKKEKKEKEEEEKEEKKKEEK,-0.985345830627809,random,964
rand_5413,KKEEKEEKEKKEKKEEEKEKKKEKKEKEEEEKKEEEKEKEEKEKKKEKEEEKKKEEEKKEKEEKKK,-0.9810046910727548,random,965
rand_2850,EEKEEKKEKKEEKEKKKKEEEEKEEKEKKKKEEEKKKEEKEEEKKEEKKKKEEKKEKEEKEEEKKK,-0.9783077152957224,random,966
rand_9555,EKEEKKEKKEKEEKEKKEKEEKEEEEKKEKKEEEKEKKKKKEEKEEKEKKKKEEKEEEKKEKEKKE,-0.9749357955996341,random,967
rand_4138,KKEKKEEKEEKKEKEEEKKEKEEKEEKKEKEEEKKEEEKKKEEKKEEKKKKEEKKKEKEEKEEKKE,-0.9719630574869133,random,968
rand_7150,KKEEEKEKEKEKKKEKKEEKEKEEEEKEKKEKEKKKEEEKEKEKEEEEKKKEKEKEEKEKKKEKKE,-0.9675132513814245,random,969
rand_9781,KEKEEKKEKEKKEKKKEEEEEKEKKEEKKEKEEEKKEEEKEKKKKEKKEKKEEEKKEKEKEEKEEK,-0.965421517158248,random,970
rand_5207,KKEEEEKEEKKKKEKEEKEKEEKEKEKEKEKEEKKEKKEKEEEKKEEKEKEKKEEKEEKKEKKKEK,-0.9625280917815413,random,971
rand_2839,KEKKEKEEKEEKEKKKKEKEEEEKEEEKEKKEKEKEKEKKEEKEKEKKEKEKKEEKKKKEEEKKEE,-0.9566903820543555,random,972
rand_3979,KEEKEEKEKKEKEKKKEEEEEKKEKEEEKKKEEKKKKEKEKEEKKKEKEEKKEEEEKKEKEEKKKE,-0.9513042517167807,random,973
rand_8691,EEEKEKEKKKEKEEKKKEKEEEKKKEKEEKKEKEKKKEEKEKKEKEEKEEEEKEKKKEKKEEKEKE,-0.9489114700744549,random,974
rand_883,EEKEKKEEEKEKKKKEEEKKKKKEKEEKEEKEKEKKEKEEEKKEEKKKKEEKEEKKEEKEKKEEEK,-0.9451431523969075,random,975
rand_1764,KEKEEEKKKEKKEEEEKKEKKEKKEKEEKKKKEKEEEKEKKEKEEKEEKEKKKEEEKEKKEKEEEK,-0.9412737941284289,random,976
rand_763,EKEKKEKEKEKEEEKKEKEKKKEEKEKKEKEKEEKEEKKKEEKKEEKEEEKKEEEEKEKKEKKKKE,-0.9374647672988665,random,977
rand_8064,EKEEKKKKEEEEKEKKEEKKEEKEKKKEKEEEKEEEKKKKEKKKEKEKEEKEKKEKEKEKEKEEKE,-0.9322507073347901,random,978
rand_7460,EKKEEEKKEEKEEKEKEKKKEKEKKKEEKEEEKKKEEEKEKEKEKEKKEKEKKKKEKEEKEKEEKE,-0.9277119712889775,random,979
rand_1611,EKEKKEKKKEEEEEKEKKKEEKKEEKEKKEKKEKEKEKEKEKKEEKEKEEEEKEEKEKKKEKEKEK,-0.9254214886828228,random,980
rand_38,EKKEEEKEEKKEEKKKKKEKEEEKKKEKEKEKEKEEKKEKEEEKEEKEKEKKKKEEKEKKEEEKKE,-0.9170677630123603,random,981
rand_9733,EEKKKEEKEEKEEKKKEKEEKEKKKKEEEKKEEKEEKEKKKEKKEEKKKEEKEEKKEKKEKEEEEK,-0.9113284929583273,random,982
rand_9335,KEEKKKKEEKEEEKKEEEEKKEKKEKKKEEKEKEKKEKEEEEKKKKKEEEEKEKKEKEKEKKEEEK,-0.9068125152386327,random,983
rand_3894,EEEKKKEKKKKEEKKEEEEEKEKKEEKKEKEKEEKEKEKEKKEKEKEKKKEEEKKEEKKEKEEEKK,-0.9021515365068441,random,984
rand_7492,EKKEKKEEEEKKEKEKEKKEKEEEKKKEKEKEEEEEKKKKEKEEEKKKEKKEKKEEKEKKEEEEKK,-0.8969823505207961,random,985
rand_2356,KEKEEKEKKEKEEEKEKKEKKEKKKEEKEEEKEKKEKKEEEKKEEKKEEKEEEKEEKKKKKEEKEK,-0.8868519045804336,random,986
rand_7717,KEKKEKEKEKKEKKEKEEEEEKEKKKEKEKEEKKKEEKEEKEKEEKEKEEKKKEKEEKKEKEKEKE,-0.8782490637895891,random,987
rand_543,EEKKKEEEKKEEEKKKEEKKKEEEKEEKEEKKKEKKEKEKKEKEEEKKKEKEKEKKEEKKEKEEKE,-0.8736565709858457,random,988
rand_5491,KEKKEKEEKEEKKEEKEKKKEKEEEEKKKEEEEKKKEKEKKKEKEKEKEKKEEKKEEKEEEKEKKE,-0.8683383896249919,random,989
rand_5065,KEKKEKEKEEEEKEKKEKEEKEKKEEKKKEKEEKEKEKEKEKEKEEKEKKKEKEEEKEEKEEKKKK,-0.8634842056149082,random,990
rand_1195,EKKEKKEEEKEKKEEKKEKEKKEEKEKKEKKEKEEKKEEKEEKKKEEKKKEEEKEKEEKEEEKKKE,-0.8572310075725955,random,991
rand_4992,EKEEKKKEKEEEKEKEEKEKKKEEKEKEKKEEEKEKEKKKEKEEKEKKEEKEEKEKKKKEKEKEEK,-0.8518898203835312,random,992
rand_5390,KKKEEKEKKEEEEKKEKEEKEKKEKEEEKEKKEKEEKKEEKEKKKEEEKKKKEKEEEKKKEKEEKE,-0.841579481362969,random,993
rand_1732,EEKEKKEKKEEKEKEEEKKKKEKEEKEEKKKKEEKEKEKEKKEKEEEEKKKEKEKKKEEKEKEKEE,-0.8223851380318148,random,994
rand_6265,EEKKEKEKEEKEEKKKEKEEEKEKKEKKKEEEKKEKKEEKKEEEKKKEEKKEKKKEEEEKEKKEKE,-0.8148846553705823,random,995
rand_2770,EKKEKEKKEEKKEKEKEKKKEEEKKEEEKEKEKEKKEEEKEKKEEKKKEKKEEEEKKEEKEKKEEK,-0.8043403691042731,random,996
rand_729,EEKKEKEEKEEKKEKKEKKEKKEEEKKEKEEKKEKKEKEKKEEKKEEKEKEEKKEEKEKEKKEKEE,-0.7841315903618991,random,997
rand_6002,KEKEKEEEEKKKKEEEKKEKEKKEKEEKEKKEKEKEEKKEEEKKEEEKKKKKEEKEEEKKEKKEKE,-0.7706745831757263,random,998
rand_9345,EEKKKEKEEEKKEEKEKEKEKEKEKEEKEKKEEKKEKEKKKEKEEKEEKKEKKEEKKEKEEKEEKK,-0.7457086011440208,random,999
WT,EKEKEKEKEKEKEKEKEKEKEKEKEKEKEKEKEKEKEKEKEKEKEKEKEKEKEKEKEKEKEKEKEK,-0.40907993181025737,WT,1000
